"id","name","instruction","role","ingredient","category","inputRecipe","portion","portNum","level","time","timeNum","imgUrl","style","recipe"
7019892,돼지등갈비구이,굽기,일상,돼지고기,메인반찬,[재료] 돼지등갈비 1500.0g | 청주 30.0g | 생강즙 15.0g | 다진마늘 15.0g | 소금 5.0g | 후추 2.5g | 식용유 15.0g | 떡볶이떡 100g (선택) [양념] 간장 45.0g | 고춧가루 15.0g | 맛술 30.0g | 다진마늘 15.0g | 생강청 15.0g | 설탕 15.0g | 물엿 30.0g | 물 30.0g | 매운 건고추 50g | 참기름 5.0g ,"5인분",5,아무나,"90분이내",90,https://recipe1.ezmember.co.kr/cache/recipe/2024/02/13/6a921e0be715d289f4ef49b7d8d1fe0c1.jpg,한식,[등갈비구이] 돼지 등갈비 1.5kg | 청주 2T | 생강즙 1T | 다진마늘 1T | 소금 1t | 후추 톡톡 | 식용유 1T | 떡볶이떡  (선택) [양념] 간장 3T | 고춧가루 1T | 맛T 2T | 다진마늘 1T | 생강청 1T | 설탕 1T | 물엿 2T | 물 2T | 매운 건고추 3~4개 | 참기름 1t | 통깨  (또는 잣가루) | 아몬드슬라이스
7021572,비지찌개,끓이기,일상,곡류,국/탕,[재료] 콩비지 300g | 참치캔 100g | 다짐육 50g | 김치 150g | 다진마늘 5.0g | 양파 100g  | 대파 30g | 청양고추 10g [양념] 간장 2.5g | 참치액 2.5g | 후추 2.5g | 참기름 5.0g,"2인분",2,아무나,"30분이내",30,https://recipe1.ezmember.co.kr/cache/recipe/2024/03/07/1bcc07ed695bb6928d67a834c1b4fa941.jpg,한식,[재료] 콩비지 300g | 참치캔 1개 | 다짐육 50g | 김치 150g | 간마늘 1 t | 양파 1/2  | 대파 약간 | 청양고추 1개 [양념] 간장 0.5 t | 참치액 0.5 t | 후추 약간 | 참기름 1 t
7033073,된장가지덮밥,볶음,일상,채소류,밥/죽/떡,[재료] 가지 50g | 자색양파 80g | 다진 마늘 5.0g | 된장 10.0g | 참치액 10.0g | 맛술 10.0g | 물 10.0g,"1인분",1,초급,"15분이내",15,https://recipe1.ezmember.co.kr/cache/recipe/2024/08/21/8681e16ccd8a7c9a72d6798481441fc71.jpg,한식,[재료] 가지 1개 | 자색양파 40g | 다진 마늘 1 tsp | 된장 1/2 tsp | 참치액 1/2 tsp | 맛T 1/2 tsp | 물 1 tbsp
7040230,돼지고기된장찌개,끓이기,일상,돼지고기,찌개,[재료] 돼지고기 200g | 다진마늘 15.0g | 양파 50g | 두부 200g | 대파 50g | 청양고추 10g | 표고버섯 60g | 육수 650ml | 된장 30.0g | 고추장 15.0g | 고춧가루 15.0g | 맛술 15.0g | 참치액 15.0g,"6인분이상",6,아무나,"30분이내",30,https://recipe1.ezmember.co.kr/cache/recipe/2024/12/09/a98584b4edee7f3b2bb839192380d0d01.jpg,한식,[재료] 돼지고기 200g | 다진마늘 1 T | 양파 1/2개 | 두부 200g | 대파 1대 | 청양고추 1개 | 표고버섯 2개 | 육수 650ml | 된장 2 T | 고추장 1 T | 고춧가루 1 T | 맛T 1 T | 참치액 1 T
7030144,된장찌개,끓이기,일상,채소류,메인반찬,[재료] 쌀뜨물 500ml | 된장 37.5g | 애호박 45g | 냉동새우 200g | 팽이버섯 50g | 두부 150g | 청양고추 10g,"3인분",3,아무나,"15분이내",15,https://recipe1.ezmember.co.kr/cache/recipe/2024/07/10/2540074f936295c87860ca79972e05c21.jpg,한식,[재료] 쌀뜨물 500ml | 된장 2.5 T | 애호박 1/4개 | 냉동새우 4 마리 | 팽이버섯 1 봉지 | 두부 1/2 모 | 청양고추 1개
7036171,햄김치볶음밥,볶음,초스피드,채소류,밥/죽/떡,[재료] 밥 200g | 김치 100g | 프랑크소시지 100g | 대파 50g | 계란 100g | 식용유 10.0g | 참기름 12.0g [김치양념재료] 간장 2.5g | 설탕 2.5g,"1인분",1,아무나,"10분이내",10,https://recipe1.ezmember.co.kr/cache/recipe/2024/10/10/228dd887203cff7ea92af72744a3208a1.jpg,한식,[재료] 밥 1 공기 | 김치 100g | 프랑크소시지 1개 | 대파 약간 | 계란 2개 | 식용유 약간 | 참기름 0.8 T [김치양념재료] 간장 0.5 t | 설탕 0.5 t
7022563,오징어무국,끓이기,일상,해물류,국/탕,[재료] 오징어 200g | 무 100g | 대파 50g | 양파 50g | 청양고추 60g | 홍고추 50g | 물 1000ml [양념] 들기름 15.0g  | 국간장 15.0g  | 멸치액젓 10.0g | 다진 마늘 100g,"4인분",4,아무나,"30분이내",30,https://recipe1.ezmember.co.kr/cache/recipe/2024/03/19/4c1b177723487b9e8b41fa6ef589c21b1.jpg,한식,[재료] 오징어 1 마리 | 무 1 토막 (2.5cm 두께) | 대파 1대 | 양파 1/2대 | 청양고추 2~3개 | 홍고추 1개 | 물 1000ml [양념] 들기름 3  | 국간장 3  | 멸치액젓 2  | 다진 마늘 1  | 소금  (취향껏)
7019632,무채나물볶음,볶음,일상,채소류,밑반찬,[재료] 무 250g | 파 50g | 당근 50g | 소금 10.0g | 간장 5.0g | 통깨 5.0g | 간마늘 5.0g | 들기름 15.0g,"2인분",2,아무나,"10분이내",10,https://recipe1.ezmember.co.kr/cache/recipe/2024/02/08/76913b7f753251b1ec05c563c55c24aa1.jpg,한식,[재료] 무 1/2개 | 파 1 움큼 | 당근 1 움큼 | 소금 1/2 t | 간장 1 t | 통깨 1 t | 간마늘 1 t | 들기름 1 T
7027192,바지락순두부찌개,끓이기,일상,해물류,국/탕,[재료] 순두부 200g | 자숙 바지락 200g | 우삼겹 100g | 계란 50g | 대파 100g | 청양고추 30g | 홍고추 50g | 표고버섯 50g | 감자 50g | 다진 마늘 15.0g [양념] 물 400ml | 굵은 고춧가루 15.0g | 고운 고춧가루 30.0g | 참치 액젓 15.0g | 국간장 15.0g | 된장 30.0g | 고추기름 30.0g | 참기름 15.0g,"2인분",2,중급,"30분이내",30,https://recipe1.ezmember.co.kr/cache/recipe/2024/05/25/4596c31309d77673c98ddfda163243aa1.jpg,한식,[재료] 순두부 1 봉 | 자숙 바지락 200g | 우삼겹 100g | 계란 1알 | 대파 1대 | 청양고추 3개 | 홍고추 1개 | 표고버섯 3 장 | 감자 작은 것 1개 | 다진 마늘 1T [양념] 물 2 200g | 굵은 고춧가루 1T | 고운 고춧가루 1/2T | 참치 액젓 1T | 국간장 1T | 된장 1/2T | 고추기름 2T | 참기름 1T
7033640,소고기무국,끓이기,일상,소고기,국/탕,[재료] 소고기 국거리 300g | 무 500g | 대파 50g | 다진마늘 15.0g | 다시마 50g | 국간장 30.0g | 멸치액젓 30.0g | 물 2 L | 후춧가루 2.5g | 소금 15.0g,"4인분",4,아무나,"30분이내",30,https://recipe1.ezmember.co.kr/cache/recipe/2024/09/02/236ec3bc4c7440c31885b707cca745701.jpg,한식,[ 재료(4~5인분) ] 소고기 국거리 300g | 무 500g | 대파 2/3개 | 다진마늘 1 T | 다시마 2 조각 (사방6cm정도) | 국간장 2 T | 멸치액젓 2 T | 물 2 L | 후춧가루 소량 | 소금 소량 (완두콩알만큼)
7021764,소고기무국,끓이기,일상,소고기,국/탕,[재료] 소고기 300g (국거리용) | 무 125g | 대파 50g [부재료] 국간장 30.0g | 다진 마늘 15.0g | 맛술 15.0g | 후춧가루 2.5g | 소금 7.5g [육수재료] 물 200ml | 국물용 멸치 200g,"4인분",4,아무나,"30분이내",30,https://recipe1.ezmember.co.kr/cache/recipe/2024/03/09/43c53e9be7e320fde30d4c7d7774b6fd1.jpg,한식,[주재료] 소고기 300g (국거리용) | 무 1/4개 | 대파 1대 [부재료] 국간장 2T | 다진 마늘 1T | 맛T 1T | 후춧가루 약간 | 소금 0.5T [육수재료] 물 8 종이200g | 국물용 멸치 8 마리 | 다시마 4 장 (5cm*5cm)
7039677,낫또김치피자,굽기,술안주,채소류,퓨전,[재료] 피자도우 200g | 낫또 200g | 김치 100g | 피자치즈 100g,"2인분",2,초급,"15분이내",15,https://recipe1.ezmember.co.kr/cache/recipe/2024/12/01/878ec4e0265ad175b6c7917bfbc8d6691.jpg,한식,[재료] 피자도우 2 장 (또는 또띠아) | 낫또 2 팩 | 김치 100g | 피자치즈 100g
7023632,맑은무국,끓이기,일상,채소류,국/탕,[재료] 무 350g | 대파 50g | 다진마늘 15.0g | 육수 1.3 L | 참기름 30.0g | 국간장 37.5g | 액젓 15.0g | 소금 4.5g,"4인분",4,초급,"30분이내",30,https://recipe1.ezmember.co.kr/cache/recipe/2024/04/04/b2a0edb5ede39701cbfc846f5b5a90f21.jpg,한식,[재료] 무 350g | 대파 1대 | 다진마늘 1 T | 육수 1.3 L | 참기름 2 T | 국간장 2.5 T | 액젓 1 T | 소금 0.3 T
7035376,소고기미역국,끓이기,영양식,소고기,국/탕,[재료] 건미역 35g | 소고기 300g | 물 1600ml [양념재료] 다진 마늘 15.0g | 어간장 30.0g | 국간장 15.0g | 참기름 15.0g,"4인분",4,아무나,"60분이내",60,https://recipe1.ezmember.co.kr/cache/recipe/2024/09/28/dd4cdc85a8b295dd3f2f5b06b1de019a1.jpg,한식,[주재료] 건미역 35g | 소고기 300g | 물 1600ml [양념재료] 다진 마늘 1 T | 어간장 2 T | 국간장 1 T | 참기름 1 T
7037860,시금치된장국,끓이기,일상,채소류,국/탕,[재료] 시금치 82g | 두부 200g | 대파 50g | 홍고추 7g | 다진 마늘 10.5g | 시판 된장 12.0g | 쌈장 9.0g | 고춧가루 6.0g | 까나리액젓 15.0g | 참치액 15.0g | 물 800ml,"2인분",2,아무나,"15분이내",15,https://recipe1.ezmember.co.kr/cache/recipe/2024/10/31/c638cb30f2c227c310b602d6b6835b011.jpg,한식,[재료] 시금치 82g | 두부 200g | 대파 15g | 홍고추 1개 (7g) | 다진 마늘 0.7T | 시판 된장 0.8T | 쌈장 0.6T | 고춧가루 0.4T | 까나리액젓 1T | 참치액 1T | 동전 육수 2개 | 물 800ml
7030961,닭칼국수,끓이기,영양식,닭고기,국/탕,[재료] 닭 900g  | 물 1.2 L | 감자 150g | 통마늘 80g | 밀떡 150g | 대파 50g | 소금 5.0g | 후추 5.0g [양념장] 다진마늘 15.0g | 간장 30.0g | 고춧가루 45.0g | 식초 15.0g | 설탕 2/45.0g,"4인분",4,아무나,"60분이내",60,https://recipe1.ezmember.co.kr/cache/recipe/2024/07/22/bc4f4bdd23748665ea750616132ebfe81.jpg,한식,[재료] 닭 볶음탕용 900g | 월계수잎 3 장 | 물 1.2 L | 감자 1개 | 통마늘 80g | 밀떡 150g | 대파 1대 | 소금 1t | 후추 넉넉히 [양념장] 다진마늘 1T | 간장 2T | 고춧가루 3T | 식초 1T | 설탕 2/3T
7026807,아욱된장국,끓이기,일상,채소류,국/탕,[재료] 아욱 300g | 두부 150g [양념] 집된장 15.0g | 쌀뜨물 1 L |  밥새우 150g | 청양고추 20g | 다진마늘 45.0g,"4인분",4,아무나,"15분이내",15,https://recipe1.ezmember.co.kr/cache/recipe/2024/05/21/6b8ded8a69d486d5e38df76e85ae59e51.jpg,한식,[재료] 아욱 300g | 두부 1/2 모 [양념] 집된장 1 T | 쌀뜨물 1 L | 코인육수 1개 | 밥새우 크게 1 줌 | 청양고추 1~2개 | 다진마늘 1/3 T
7021498,소고기무국,끓이기,일상,소고기,국/탕,[재료] 소고기 국거리 272g | 무 327g | 표고버섯 90g | 대파 50g | 멸치 육수 1500ml [양념] 국간장 15.0g | 소금 5.0g | 마늘 15.0g | 참기름 15.0g,"6인분이상",6,초급,"60분이내",60,https://recipe1.ezmember.co.kr/cache/recipe/2024/03/06/46cba29365987916ea7af38bcb71be051.jpg,한식,[재료] 소고기 국거리 272g | 무 327g | 표고버섯 3개 | 대파 2대 | 멸치 육수 1500ml [양념] 국간장 1 T | 소금 1 t | 마늘 1 T | 참기름 1 T
7033960,고추장찌개,끓이기,일상,채소류,찌개,[재료] 물 1 L | 애호박 180g | 감자 750g | 돼지고기 다짐육 200g | 표고버섯 90g | 대파 50g | 양파 200g | [양념]고추장 30.0g | 된장 7.5g | 고춧가루 15.0g | 다진마늘 7.5g | 참치액 15.0g,"4인분",4,아무나,"60분이내",60,https://recipe1.ezmember.co.kr/cache/recipe/2024/09/06/4bebdb0c4a9a7d119c4a0d156b17c1f31.jpg,한식,[재료] 물 1 L | 코인육수 3개 | 애호박 1개 | 감자 5개 | 돼지고기 다짐육 200g | 표고버섯 3개 | 대파 1대 | 양파 1개 | 식용유 1 바퀴 [양념장] 고추장 2T | 된장 0.5T | 고춧가루 1T | 다진마늘 0.5T | 참치액 1T | 후추 넉넉히
7039999,맑은오징어무국,끓이기,일상,해물류,국/탕,[재료] 오징어 200g | 무 170g | 청양고추 10g | 홍고추 100g | 쪽파 20g | 물 1 L | 자른 다시마 80g [양념] 국간장 10.0g  | 참치액 5.0g  | 다진 마늘 5.0g,"4인분",4,초급,"30분이내",30,https://recipe1.ezmember.co.kr/cache/recipe/2024/12/05/2f438d87daec14d86e0be651d26d86341.jpg,한식,[재료] 오징어 2 마리 | 무 170g | 청양고추 1개 | 홍고추 1/2개 | 쪽파 2 뿌리 (or 대파 1/2대) | 물 1 L | 자른 다시마 4~5 장 [양념] 국간장 2  | 참치액 1  | 다진 마늘 1  | 맛T 1
7041143,오징어무국,끓이기,일상,해물류,국/탕,[재료] 오징어 100g | 무 150g | 양파 50g | 대파 50g | 다진 마늘 15.0g | 청양고추 10g | 참치액 15.0g | 소금 7.5g | 후춧가루 15.0g | 물 1L,"4인분",4,중급,"30분이내",30,https://recipe1.ezmember.co.kr/cache/recipe/2024/12/23/dcf49a52672b79801e4e69b7871456d81.jpg,한식,[재료] 오징어 1 마리 | 무 150g | 양파 1/2개 | 대파 1/2대 | 다진 마늘 1 T | 청양고추 1개 | 코인육수 2개 | 참치액 1 T | 소금 0.5 T | 후춧가루 3 톡 | 물 1 리터
7019790,떡국,끓이기,일상,소고기,국/탕,[재료] 소고기 200g | 떡국떡 300g | 무 50g | 달걀 80g [양념] 국간장 15.0g | 다진마늘 15.0g | 다진생강 30.0g | 생강즙 2/45.0g | 참기름 30.0g | 소금 1g | 후춧가루 1g,"6인분이상",6,초급,"30분이내",30,https://recipe1.ezmember.co.kr/cache/recipe/2024/02/12/ea48a34e8287d8b12d8e3d07dc8cdd0e1.jpg,한식,[재료] 소고기 200g | 떡국떡 6 인분 | 무 1 토막 | 달걀 3개 | 도시락 김 1 팩 [양념] 국간장 1 T | 다진마늘 1 T | 다진생강 1/2 T | 생강즙 2/3 T | 참기름 1/2 T | 천일염 적당량 | 소금 1g | 후춧가루 톡톡
7031555,소고기감자국,끓이기,일상,채소류,국/탕,[재료] 감자 150g | 소고기 150g | 대파 50g [양념] 마늘 15.0g | 소금 30.0g ,"2인분",2,아무나,"30분이내",30,https://recipe1.ezmember.co.kr/cache/recipe/2024/07/30/fda8dc22e48aa6dffd22efa193f586171.jpg,한식,[재료] 감자 1개 | 소고기 150g | 대파 약간 [양념] 마늘 1 T | 소금 1/2 T | 후추 톡
7031394,돼지고기김치찜,끓이기,일상,돼지고기,메인반찬,[재료] 돼지고기 500g (등심) | 배추김치 100g | 양파 100g | 다시마물 400ml,"4인분",4,아무나,"60분이내",60,https://recipe1.ezmember.co.kr/cache/recipe/2024/07/29/702a2ae7447ad852eeb8a369961fc33b1.jpg,한식,[재료] 돼지고기 500g (등심) | 배추김치 10 잎 | 양파 1/2개 | 다시마물 400ml
7039747,스팸순두부찌개,끓이기,일상,돼지고기,찌개,[재료] 순두부 300g | 스팸 100g | 참치 100g | 양파 100g | 애호박 60g | 파 30g | 계란 100g [양념 재료] 다진마늘 15.0g | 고춧가루 60.0g | 진간장 45.0g | 굴소스 30.0g | 설탕 30.0g | 물 300ml | 청양고추 50g,"4인분",4,초급,"30분이내",30,https://recipe1.ezmember.co.kr/cache/recipe/2024/12/02/5d93a78c90ff13a31553b764ab6d81c01.jpg,한식,[메인 재료] 순두부 1 모 | 스팸 1캔 | 참치 1캔 | 양파 1/2개 | 애호박 1/3개 | 파 1/2개 | 계란 2개 [양념 재료] 다진마늘 1 T | 고춧가루 4 T | 진간장 3 T | 굴소스 2 T | 설탕 1/2 T | 물 300ml | 청양고추 조금 | 후추 조금
7020261,청국장찌개,끓이기,일상,채소류,국/탕,[재료] 청국장 200g | 두부 200g | 느타리버섯 50g | 무 200g | 대파 50g | 돼지고기 다짐육 200g [소스] 멸치액젓 15.0g | 표고버섯 가루 15.0g | 마늘 15.0g | 고추가루 15.0g,"3인분",3,아무나,"30분이내",30,https://recipe1.ezmember.co.kr/cache/recipe/2024/02/18/fd95461a0a121527a117fdc1257bba301.jpg,한식,[재료] 청국장 200g | 두부 200g | 느타리버섯 조금 | 무우 200g | 대파 조금 | 돼지고기 다짐육 200g [소스] 멸치액젓 1 T | 표고버섯 가루 1 T | 마늘 1 T | 고추가루 1 T
7017597,돼지갈비찜,끓이기,일상,돼지고기,기타,[재료] 돼지갈비 870g | 표고버섯 30g | 청양고추 10g | 홍고추 17g | 양파 200g | 대파 30g | 참기름 7.5g | 올리고당 15.0g | 물 500ml | 후추 2.5g [돼지갈비찜 양념 만들기] 진간장 120.0g | 흰설탕 30.0g | 맛술 미림 30.0g | 다진 마늘 15.0g | 다진 생강 4.5g | 노두유 15.0g [돼지갈비 데치기] 물 1 L | 소주 30ml,"2인분",2,중급,"60분이내",60,https://recipe1.ezmember.co.kr/cache/recipe/2024/01/05/6aea97a9c3689fa1dd63cdfe74c6e4ce1.jpg,한식,[재료] 돼지갈비 손질 후 870g | 표고버섯 1개 32g | 청양고추 1개 11g | 홍고추 1개 17g | 양파 1개 113g | 대파 30g | 참기름 0.5~1T | 올리고당 1T | 물 500~550ml | 후추 톡톡 | 통깨 솔솔 [돼지갈비찜 양념 만들기] 진간장 8T | 흰설탕 2T | 맛T 미림 2T | 다진 마늘 1T | 다진 생강 0.3T | 노두유 1T [돼지갈비 데치기] 물 1 L | 월계수잎 3~4 장 | 소주 30ml
7038304,고사리나물볶음,볶음,명절,채소류,밑반찬,[재료] 고사리 400g | 간장 30.0g | 설탕 15.0g  | 간마늘 15.0g | 다진파 2.5g | 참기름 15.0g | 통깨 15.0g,"4인분",4,초급,"10분이내",10,https://recipe1.ezmember.co.kr/cache/recipe/2024/11/11/c8e3618987bdbdf5ec9ab20de3dd91251.jpg,한식,[재료] 고사리 400g | 간장 2 T | 설탕 1 꼬집 | 후추 1 꼬집 | 간마늘 1 T | 파 1 움큼 | 참기름 1 T | 통깨 1 T
7020467,떡만두국,끓이기,명절,소고기,면/만두,[재료]양지 300g | 진간장 30.0g | 다진마늘 15.0g | 황설탕 15.0g | 청주 30.0g | 참기름 15.0g | 후추 2.5g [떡만두국 레시피] 떡국떡 200g | 만두 180g | 소고기육수 400ml | 국간장 15.0g | 다진마늘 15.0g | 후추 2.5g  [고명] 소고기 50g  | 계란지단 50g  | 대파 30g,"2인분",2,아무나,"15분이내",15,https://recipe1.ezmember.co.kr/cache/recipe/2024/02/21/d8bc90e2ff74b6c1142e8e0e55fa01b31.jpg,한식,[떡국꾸미와 육수] 양지 300g | 진간장 2 T | 다진마늘 1 T | 황설탕 1 T | 청주 2 T | 참기름 1 T | 후추 조금 [떡만두국 레시피] 떡국떡 200g | 만두 3개 | 소고기육수 400ml | 국간장 1 T | 다진마늘 1 T | 떡국꾸미  | 후추  [고명] 소고기  | 계란지단  | 조미김  | 대파 썬 것 2 T
7033719,열무물국수,삶기,일상,밀가루,면/만두,[재료] 열무김치 100g | 국수소면 100g | 삶은계란 25g | 채소육수 400g | 통깨 2.5g | 설탕 15.0g ,"1인분",1,초급,"15분이내",15,https://recipe1.ezmember.co.kr/cache/recipe/2024/08/14/df898788a7f37f97325f586511bc12241.jpg,한식,[재료] 열무김치 100g | 국수소면 1 인분 | 삶은계란 1/2개 | 채소육수 2 200g | 통깨 약간만 | 설탕 1 T | 얼음 넉넉히
7036006,스지아롱사태미역국,끓이기,일상,소고기,국/탕,[재료] 미역 50g  | 아롱사태 100g | 들기름 25.0g | 대파 100g | 양파 400g | 통마늘 100g | 통후추 100g | 소주 30ml | 국간장 10.0g | 참치액젓 2.5g,"4인분",4,초급,"2시간이상",2,https://recipe1.ezmember.co.kr/cache/recipe/2024/10/08/538728bc4ae94e8e17121724abd55c6b1.jpg,한식,[재료] 미역  | 알스지  | 아롱사태  | 들기름 5 숟가락 | 대파 2대 | 양파 2개 | 통마늘 20알 | 통후추 20알 | 소주 약간 | 월계수잎 5 장 | 국간장 2 숟가락 | 참치액젓 적당히
7038518,접짝뼈국,끓이기,일상,돼지고기,국/탕,[재료] 돼지고기 접짝뼈 5000g (등뼈) | 양파 400g | 대파 80g [양념] 물 1.5 L | 맛술 45.0g | 참치액젓 30.0g | 소금 15.0g | 통후추 2.5g |  다진마늘 15.0g | 후추 2.5g,"5인분",5,중급,"2시간이상",2,https://recipe1.ezmember.co.kr/cache/recipe/2024/11/14/3e9363bbc79f85ad110113811bd9b5801.jpg,한식,[재료] 돼지고기 접짝뼈 5kg (등뼈) | 양파 2개 | 대파 3대 [양념] 물 1.5 L | 맛T 3 T | 참치액젓 2 T | 소금 1 T | 통후추 1 T | 월계수잎 3 장 | 다진마늘 1 T | 후추 조금
7023202,새우젓찌개,끓이기,일상,해물류,찌개,[재료] 애호박 900g | 당근 150g | 두부 500g [양념] 새우젓 300g | 천일염 100g | 후추 25g | 다진 마늘 15.0g | 육수 400ml,"6인분이상",6,아무나,"30분이내",30,https://recipe1.ezmember.co.kr/cache/recipe/2024/03/29/eee38eb70eff9cb9503b374b0dd56a6a1.jpg,한식,[재료 60인분] 애호박 5개 | 당근 1개 | 두부 500g [양념] 새우젓 300g | 천일염 100g | 후추 50g | 다진 마늘 100g | 육수 40 L
7030756,돼지고기김치볶음밥,볶음,초스피드,돼지고기,밥/죽/떡,[재료] 돼지고기 200g | 익은 배추김치 230g | 찬밥 420g | 대파 50g | 설탕 7.5g | 식용유 45.0g | 들기름 45.0g | 참깨 2.5g,"3인분",3,아무나,"15분이내",15,https://recipe1.ezmember.co.kr/cache/recipe/2024/07/18/92d61bb593647d087ec009c958268a291.jpg,한식,[재료] 돼지고기 200g | 익은 배추김치 230g | 찬밥 420g | 대파 1대 | 설탕 0.5 T | 식용유 3 T | 들기름 3 T | 통참깨 조금
7023058,돼지고기김치찌개,끓이기,일상,돼지고기,메인반찬,[재료] 돼지고기 찌개용 500g | 신김치 125g | 파김치 100g | 들기름 30.0g | 김치국물 200g | 다진마늘 30.0g | 설탕 15.0g | 물 200ml | 두부 100g | 다시다 15.0g,"4인분",4,초급,"30분이내",30,https://recipe1.ezmember.co.kr/cache/recipe/2024/03/27/213455e71ccede1216899f8946e8c42b1.jpg,한식,[재료] 돼지고기 찌개용 500g | 신김치 1/4 포기 | 파김치 100g | 들기름 2 T | 김치국물 1/2 200g | 다진마늘 2 T | 설탕 1 T | 물 2 200g | 두부 1/3 모 | 다시다 1 T
7034934,대패삼겹살국물떡볶이,끓이기,간식,돼지고기,기타,[재료] 밀떡 400g | 양배추 100g | 육수 600ml [양념장] 고추장 30.0g | 고춧가루 30.0g | 간장 15.0g | 다진마늘 30.0g | 설탕 30.0g,"2인분",2,아무나,"30분이내",30,https://recipe1.ezmember.co.kr/cache/recipe/2024/09/21/c175590c9a6d6b685f6981f92558c00d1.jpg,한식,[재료] 밀떡 400g | 양배추 100g | 육수 600ml [양념장] 고추장 2 T | 고춧가루 2 T | 간장 1 T | 다진마늘 2 T | 설탕 2 T
7030294,잔치국수,끓이기,일상,밀가루,면/만두,[재료] 소면 200g | 계란 100g | 부추 50g | 당근 75g | 신김치 50g [육수재료] 물 800ml | 멸치 400g (육수용 내장제거) | 다진마늘 15.0g | 무 50g | 양파 50g,"2인분",2,아무나,"30분이내",30,https://recipe1.ezmember.co.kr/cache/recipe/2024/07/12/8f0af3d4066c045b336d4e7cd014fcca1.jpg,한식,[재료] 소면 2 인분 | 계란 2개 | 부추 1/2 줌 | 당근 1/2개 | 신김치 적당량 [육수재료] 물 800ml | 멸치 4 마리 (육수용 내장제거) | 다진마늘 1T | 무 약간 | 양파 1/2개
7035941,떡갈비볶음밥,볶음,일상,돼지고기,밥/죽/떡,[재료] 떡갈비 100g | 파프리카 200g | 그린빈 6g  | 대파 300g  | 계란 50g | 소금 2.5g  | 후추 2.5g  | 참기름 4g (마지막에),"1인분",1,아무나,"30분이내",30,https://recipe1.ezmember.co.kr/cache/recipe/2024/10/07/e0d1125cc46b7b5fe47b0b0a2ae090491.jpg,한식,[재료] 떡갈비 1개 | 파프리카 2 숟갈 | 그린빈 2 숟갈 (야채는 취향에 맞게 준비) | 대파 3~5 숟갈 | 계란 1개 | 소금  | 후추  | 참기름 0.5 숟갈 (마지막에)
7039335,배추된장국,끓이기,일상,채소류,국/탕,[재료] 배추잎 105g | 두부 110g | 대파 10g | 다진 마늘 4.5g | 된장 12.0g | 쌈장 12.0g | 국간장 15.0g | 쌀뜨물 800ml,"2인분",2,아무나,"15분이내",15,https://recipe1.ezmember.co.kr/cache/recipe/2024/11/26/f720708fffed064b82a997186c34284a1.jpg,한식,[재료] 배추잎 105g | 두부 110g | 대파 1.5T | 다진 마늘 0.3T | 된장 0.8T | 쌈장 0.8T | 국간장 1T | 동전 육수 2개 | 쌀뜨물 800ml
7019193,김치닭볶음탕,끓이기,일상,닭고기,국/탕,[재료] 묵은지 100g | 닭 1000g | 양파 200g | 감자 300g | 대파 100g | [묵은지 닭도리탕 양념] 고춧가루 15.0g | 진간장 30.0g | 멸치 액젓 15.0g | 다진 마늘 15.0g | 매실청 15.0g | 생강가루 2.5g,"4인분",4,초급,"60분이내",60,https://recipe1.ezmember.co.kr/cache/recipe/2024/02/03/f170c58c0313c4d6285c828b1408f0631.jpg,한식,[재료] 묵은지 1/4 포기 | 닭 1kg | 양파 1개 | 감자 2개 | 대파 1대 | 월계수잎 4~5개 [묵은지 닭도리탕 양념] 고춧가루 1 T | 진간장 2 T | 멸치 액젓 1 T | 다진 마늘 1 T | 매실청 1 T | 생강가루 약간
7017003,김치비지찌개,끓이기,일상,돼지고기,찌개,[재료] 돼지고기 찌개용 300g | 신 김치 50g | 콩비지 300g | 대파 50g | 청양고추 10g | 홍고추 50g | 양파 50g | 들기름 15.0g | 다진 마늘 15.0g | 후추 2.5g [돼지고기 비지찌개 양념] 새우젓 15.0g | 국간장 7.5g,"4인분",4,초급,"60분이내",60,https://recipe1.ezmember.co.kr/cache/recipe/2024/01/03/05b36c1a3076ea9b9d0b9d92389b57551.jpg,한식,[재료] 돼지고기 찌개용 300g | 신 김치 2 줌 | 콩비지 300g | 대파 1/2대 | 청양고추 1개 | 홍고추 약간 | 양파 1/2개 | 코인 육수 1개 [돼지고기 비지찌개 볶을 때] 들기름 1 T | 다진 마늘 1 T | 후추 약간 [돼지고기 비지찌개 양념] 새우젓 1 T | 국간장 0.5 T
7020075,양념소갈비살,끓이기,영양식,소고기,메인반찬,[재료] 소갈비살 200g | 간장 45.0g | 갈아만든배 45.0g | 설탕 15.0g | 다진마늘 30.0g | 맛술 30.0g | 참기름 15.0g ,"2인분",2,아무나,"60분이내",60,https://recipe1.ezmember.co.kr/cache/recipe/2024/02/15/e03dfb1beeee004b36a11cf31ef859531.jpg,한식,[재료] 소갈비살 200g | 간장 3T | 배음료 3T | 설탕 1T | 다진마늘 1/2T | 맛T 2T | 참기름 1T | 후추 약간
7017527,대패삼겹살콩나물불고기,볶음,일상,돼지고기,메인반찬,[재료] 대패삼겹살 300g | 콩나물 380g | 대파 50g | 양파 50g [양념] 고춧가루 30.0g | 설탕 22.5g | 파프리카가루 37.5g | 참치액 30.0g | 고추장 30.0g | 두반장 30.0g | 맛술 15.0g | 후추 4g | 다진마늘 15.0g,"2인분",2,아무나,"15분이내",15,https://recipe1.ezmember.co.kr/cache/recipe/2024/01/11/55246fec2358b6a9f52351844ab0228c1.jpg,한식,[재료] 대패삼겹살 300g | 콩나물 380g | 대파 1대 | 양파 1/2개 [양념] 고춧가루 2T | 설탕 1.5T | 파프리카가루 2.5T | 참치액 2T | 고추장 2T | 두반장 1/2T | 맛T 1T | 후추 7 톡톡 | 다진마늘 1T
7039772,콩나물무국,끓이기,일상,채소류,국/탕,[재료] 콩나물 150g | 무 100g | 참기름 15.0g | 참치액젓 15.0g | 소금 2.5g | 멸치육수 200g,"2인분",2,초급,"15분이내",15,https://recipe1.ezmember.co.kr/cache/recipe/2024/12/02/92191c1e4575a930c82e5825a795adce1.jpg,한식,[재료] 콩나물 150g | 무 1 토막 (5cm 두께) | 참기름 1T | 참치액젓 1T | 소금 약간 | 멸치육수 4 200g
7022667,오징어김치국,끓이기,일상,해물류,국/탕,[재료] 오징어 300g | 신김치 150g | 멸치육수 1500ml | 대파 120g [양념] 국간장 22.5g | 새우젓 7.5g | 맛술 30.0g | 소금 2.5g | 후추 2.5g,"5인분",5,초급,"30분이내",30,https://recipe1.ezmember.co.kr/cache/recipe/2024/03/20/9e09691382a38dbd99307cafae7faec01.jpg,한식,[재료] 오징어 1 마리 (소) | 신김치 150g | 멸치육수 1500ml | 대파 1개 [양념] 국간장 1.5 T | 새우젓 0.5 T | 맛T 2 T | 소금 약간 | 후추 1 꼬집
7039604,황태미역국,끓이기,일상,해물류,국/탕,[재료] 건미역 30g | 황태채 50g | 물 500ml | 멸치다시마육수 1300ml | 들기름 22.5g | 국간장 30.0g | 멸치액젓 30.0g | 소금 45.0g,"5인분",5,아무나,"60분이내",60,https://recipe1.ezmember.co.kr/cache/recipe/2024/11/29/be7d40bc99d92baf003127998559126d1.jpg,한식,[재료 (4~6인분)] 건미역 30g | 황태채 50g | 물 500ml (또는 쌀뜨물) | 멸치다시마육수 1300ml | 들기름 1.5 T | 국간장 2 T | 멸치액젓 2 T | 소금 1/3 T
7024937,국물닭발,끓이기,일상,닭고기,메인반찬,[재료] 뼈 닭발 2000.0g | 물 2 L [양념장] 고춧가루 120.0g | 고추장 60.0g | 된장 15.0g | 다진마늘 15.0g | 간생강 15.0g | 진간장 90.0g | 설탕 90.0g | 치킨스톡 30.0g | 매실액 90.0g | 굴소스 60.0g | 양파 200g | 후추 5.0g,"6인분이상",6,아무나,"90분이내",90,https://recipe1.ezmember.co.kr/cache/recipe/2024/04/22/cf0d77af2094b617a0cfe50afb75c4431.jpg,한식,[재료] 뼈 닭발 2kg | 월계수잎 6~7 장 | 물 2 L [양념장] 고춧가루 8T | 고추장 4T | 된장 1T | 다진마늘 1T | 간생강 1T | 진간장 6T | 설탕 6T | 치킨스톡 2T | 매실액 6T | 굴소스 4T | 양파 1개 (간양파) | 후추 넉넉히
7036437,원팬잡채,볶음,초스피드,소고기,메인반찬,[재료] 표고버섯 90g | 건가지 100g  | 목이버섯 50g  | 건고추 50g | 간마늘 30.0g | 소고기 (육회용) 100g | 양파 200g | 당근 75g | 대파 120g | 냉동소라 100g  [소고기 가지 잡채 양념] 굴소스 45.0g | 노두유 30.0g | 고추기름 60.0g | 설탕 15.0g | 참기름 30.0g | 맛술 15.0g,"4인분",4,중급,"15분이내",15,https://recipe1.ezmember.co.kr/cache/recipe/2024/10/14/cae980875c9515e00f2f2b3d38ee01891.jpg,한식,[중국식가지잡채 재료] 표고버섯 3개 | 건가지  | 목이버섯  | 건고추  | 간마늘 2 T | 소고기육회용 100g | 양파 1개 | 당근 1/2개 | 대파 1개 | 냉동소라  [소고기 가지 잡채 양념] 굴소스 3 T (1T=15ml /일반 수저 1T) | 노두유 2 T | 고추기름 4 T | 설탕 1 T | 참기름 2 T | 맛T 1~2 T | 소금  | 후추
7022898,양배추스테이크,굽기,다이어트,채소류,양식,[재료] 양배추 400g | 버터 30.0g | 올리브오일 30.0g | 소금 5.0g | 후추 2.5g | 파르미지아노레지아노 치즈 150g | 발사믹소스 30ml,"2인분",2,초급,"10분이내",10,https://recipe1.ezmember.co.kr/cache/recipe/2024/03/25/650078eaf7b365e33f55b7742eac01ad1.jpg,양식,[재료] 양배추 400g | 버터 2 T | 올리브오일 2 T | 소금 3 꼬집 | 후추 약간 | 파르미지아노 레지아노 치즈 넉넉하게 | 발사믹소스 취향껏
7038752,차돌크림파스타,볶음,일상,소고기,면/만두,[재료] 차돌박이 120g | 양파 30g | 마늘 50g | 청양고추 30g | 바질 20g  | 생크림 250ml | 우유 130ml | 페페론치노 150g | 버터 10g | 페투치니 180g,"2인분",2,아무나,"30분이내",30,https://recipe1.ezmember.co.kr/cache/recipe/2024/02/27/cbc55187dbc0e332913619967d5aeeec1.png,양식,[재료] 차돌박이 120g | 양파 1/2개 | 마늘 5 톨 | 양송이 4개 | 청양고추 3개 | 바질  | 생크림 250ml | 우유 130ml | 페페론치노 3개 | 버터 10g | 페투치니 180g (2인분)
7018494,소고기등심찹스테이크,볶음,손님접대,소고기,양식,[재료] 등심 400g | 양파 100g | 마늘 150g | 미니 새송이버섯 300g   [소스] 스테이크소스 75.0g | 케첩 30.0g | 올리고당 15.0g | 우스터소스 30.0g | 머스터드 30.0g | 전분물 30.0g | 버터 30.0g | 소금 2.5g  | 후추 2.5g,"4인분",4,중급,"30분이내",30,https://recipe1.ezmember.co.kr/cache/recipe/2024/01/24/cfa3aa730e93a2485bc19169b04a58381.jpg,양식,[재료] 등심 400g | 양파 1/2개 | 마늘 3개 | 아스파라거스 4개 | 미니 새송이버섯 10개 | 버터 2 T | 소금  | 후추  [소스] 스테이크소스 5 T | 케첩 2 T | 올리고당 1 T | 우스터소스 1/2 T | 머스터드 1/2 T | 전분물 2 T
7037052,찹스테이크,볶음,일상,소고기,메인반찬,[재료] 소고기 안심 스테이크용 400g | 버터 30g [소고기 밑간용] 소금 7.5g | 설탕 2.5g | 후춧가루 7.5g | 올리브오일 30.0g ,"3인분",3,초급,"30분이내",30,https://recipe1.ezmember.co.kr/cache/recipe/2024/10/25/d5fe9fe693069387044772c5c01145f01.jpg,양식,[재료] 소고기 안심 스테이크용 400g | 올리브오일 2 바퀴 | 버터 1 조각 [소고기 밑간용] 소금 3 꼬집 | 설탕 3 꼬집 | 후춧가루 약간 | 올리브오일 2 T [재료2.] 양파 1/2개 | 빨강파프리카 1/2개 | 노랑파프리카 1/2개 | 양송이버섯 5개 | 마늘 10개 [소스재료] 케찹 3 T | 돈까스소스 4 T | 올리고당 2 T | 물 2 T | 후춧가루 톡톡 [삼시세끼 원레시피] 케찹 5 바퀴 | 돈까스소스 2 T | 올리고당 약간 | 물 조금 | 후춧가루 톡톡
7017560,봉골레파스타,볶음,손님접대,해물류,면/만두,[재료] 바지락 2000.0g | 통마늘 100g | 올리브유 200ml | 후추 25g | 봉골레 소스 80g | 건고추 200g,"6인분이상",6,초급,"60분이내",60,https://recipe1.ezmember.co.kr/cache/recipe/2024/01/11/f0b72b2ad3e0d2f332bec5ccd9b7e1c11.jpg,양식,[재료 60인분] 바지락 2kg | 통마늘 100g | 올리브유 200ml | 후추 50g | 봉골레 소스 8000ml | 건고추 5개
7025606,양배추스테이크,굽기,일상,채소류,양식,[재료] 양배추 100g | 양파 50g | 방울토마토 150g | 양송이 버섯 120g | 마늘 100g | 소금 2.5g  | 후추 2.5g | 갈릭파우더 2.5g,"2인분",2,아무나,"10분이내",10,https://recipe1.ezmember.co.kr/cache/recipe/2024/05/02/a8c55c750013b04a91391cc9cd226c881.jpg,양식,[재료] 양배추 100g | 양파 1/2개 | 방울토마토 10개 | 양송이 버섯 4개 | 마늘 2 톨 | 소금  | 후추  | 갈릭파우더  | 파프리카파우더  (선택) | 올리브오일  | 그라나파다노치즈  (선택)
7032119,크림리조또,볶음,초스피드,닭고기,메인반찬,[재료] 닭가슴살 300g | 브로콜리 100g | 양파 400g | 당근 30.0g (다져서 준비) | 버섯 30.0g (다져서 준비) | 버터 15.0g | 우유 180ml | 밥 200g | 치즈 50g | 소금 2.5g,"1인분",1,아무나,"10분이내",10,https://recipe1.ezmember.co.kr/cache/recipe/2024/08/08/d0939d6c405195ed5f696a3b033fd4e41.jpg,양식,[닭가슴살리조또] 냉동 닭가슴살 1 팩 | 브로콜리 2 송이 | 양파 2 T (다져서 준비) | 당근 2 T (다져서 준비) | 버섯 2 T (다져서 준비) | 버터 1 T | 우유 180 ML | 밥 1 공기 (찬밥) | 치즈 1개 | 소금 약간
7032728,햄치즈토스트,굽기,간식,밀가루,빵,[재료] 사각햄 100g | 계란 50g | 식빵 50g | 슬라이스치즈 50g | 케첩 30.0g | 잼 30.0g | 식용유 2.5g,"1인분",1,아무나,"15분이내",15,https://recipe1.ezmember.co.kr/cache/recipe/2024/08/17/60912572b1d727d4b0d434fa37e777931.jpg,양식,[재료] 사각햄 2 장 | 계란 1개 | 식빵 2 장 | 슬라이스치즈 1 장 | 케첩 1/2 T | 잼 2 T | 식용유
7022083,시카고피자,굽기,간식,밀가루,빵,[재료] 통식빵 200g  | 토마토소스 2.5g  | 모짜렐라치즈 100g  | 파프리카 50g | 양파 50g  | 단호박 50g  | 옥수수콘 30g  | 소시지 100g ,"2인분",2,아무나,"60분이내",60,https://recipe1.ezmember.co.kr/cache/recipe/2024/03/13/d96cb82bbb6be912c51a3a77e042fdc31.jpg,양식,[재료] 통식빵  | 토마토소스  | 모짜렐라치즈  | 파프리카  | 양파  | 단호박  | 옥수수콘  | 소세지  | 파슬리
7027046,안심스테이크크림파스타,삶기,일상,소고기,퓨전,[재료] 소안심 100g | 파스타면 50g | 우유 200ml | 밀가루 5.0g | 샬롯 50g | 양송이 50g | 양파 50g | 마늘 50g | 버터 10g | 소금 2.5g  | 후추 2.5g  | 그라나파다노치즈 30g,"1인분",1,초급,"30분이내",30,https://recipe1.ezmember.co.kr/cache/recipe/2024/05/24/c882dac379658f87c9a762f61055ac261.jpg,양식,[재료] 소안심 100g | 파스타면 50g | 우유 200ml | 밀가루 1 tbsp | 아스파라거스  | 샬롯 1개 | 양송이 1개 | 양파 1/4개 | 마늘 1개 | 버터 10g | 소금  | 후추  | 그라나파다노치즈
7036182,찹스테이크,볶음,일상,소고기,메인반찬,[재료] 부채살 300g | 마늘 50g | 양파 2.5g | 피망 50g | 빨강파프리카 60g [양념] 올리브오일 30.0g | 시즈닝 45.0g | 스테이크소스 45.0g,"2인분",2,아무나,"15분이내",15,https://recipe1.ezmember.co.kr/cache/recipe/2024/10/10/6b85cad7c36b90c0a16acd2a801e69da1.jpg,양식,[재료] 부채살 300g | 마늘 5 톨 | 양파 1/2개 | 피망 1개 | 빨강파프리카 1/2개 [양념] 올리브오일 2 T | 시즈닝 1/3 T | 스테이크소스 3 T
7023106,만두피자,굽기,간식,밀가루,기타,[재료] 왕교자 300g | 또띠아 50g | 스파게티소스 30.0g | 슬라이스햄 100g | 모짜렐라치즈 50g | 체다슬라이스치즈 50g,"2인분",2,아무나,"15분이내",15,https://recipe1.ezmember.co.kr/cache/recipe/2024/03/28/101b3fdb1b8334f71c8a036519fe56d21.jpg,양식,[재료] 왕교자 4-5개 (비비고) | 또띠아 1 장 | 스파게티소스 2-3 T | 슬라이스햄 4 장 | 모짜렐라치즈 1 줌 | 체다슬라이스치즈 1 장
7030927,소고기찹스테이크,굽기,일상,소고기,메인반찬,[재료] 소고기부채살 300g | 양파 50g | 노랑파프리카 120g | 빨강파프리카 120g | 새송이버섯 30g | 통마늘 50g [찹스테이크 양념소개] 스테이크소스 45.0g | 굴소스 15.0g | 케찹 45.0g | 설탕 15.0g,"4인분",4,초급,"30분이내",30,https://recipe1.ezmember.co.kr/cache/recipe/2024/07/21/c45dc8530dd67ce1ccfde4da7ad4e9191.jpg,양식,[재료] 소고기부채살 300g | 양파 1/4개 | 노랑파프리카 1개 | 빨강파프리카 1개 | 새송이버섯 1개 | 통마늘 20알 [찹스테이크 양념소개] 스테이크소스 3 T | 굴소스 1 T | 케찹 3 T | 설탕 1 T
7031649,단호박크림파스타,볶음,일상,채소류,퓨전,[재료] 단호박 450g | 우유 200ml | 슬라이스치즈 40g | 두부곤약면 250g | 채 썬 양파 160g | 버터 10g | 소금 2.5g | 후춧가루 50g | 파마산치즈 50g | 파슬리 10g,"2인분",2,초급,"15분이내",15,https://recipe1.ezmember.co.kr/cache/recipe/2024/08/02/53671c43f783ed913f04506f2ccfd2f11.jpg,양식,[재료] 단호박 450g | 우유 200ml | 슬라이스치즈 2 장 | 두부곤약면 250g | 채 썬 양파 80g | 버터 10g | 소금 0.5 t | 후춧가루 적당량 | 파마산치즈 조금 | 파슬리 조금
7034050,고등어드라이카레토스트,굽기,간식,해물류,퓨전,[재료] 고등어 150g | 식빵 100g | 피자치즈 50g | 파슬리가루 2.5g [드라이카레 재료] 고형카레 100g | 버터 10g | 맛술 15.0g | 다진마늘 5.0g | 설탕 5.0g,"1인분",1,초급,"30분이내",30,https://recipe1.ezmember.co.kr/cache/recipe/2024/09/07/963114036046a95831014cc9a79ceddb1.jpg,양식,[재료] 고등어 150g (1/4토막) | 식빵 슬라이스 1개 | 피자치즈 50g | 파슬리가루 약간 [드라이카레 재료] 고형카레 1개 | 버터 10g | 맛T 1T | 다진마늘 1t | 설탕 1t
7023690,양배추스테이크,굽기,다이어트,채소류,메인반찬,[재료] 양배추 25g | 올리브오일 2.5g  | 버터 2.5g | 소금 2.5g  | 후추 2.5g  | 슬라이스치즈 50g  | 모짜렐라치즈 30g  | 발사믹크림 5.0g,"1인분",1,초급,"30분이내",30,https://recipe1.ezmember.co.kr/cache/recipe/2024/04/04/27b9f86701b91f81a133a3fe248e62b11.jpg,양식,[재료] 양배추 1/8 쪽 | 올리브오일  | 버터  | 소금  | 후추  | 슬라이스치즈  | 모짜렐라치즈  | 발사믹크림  | 파슬리가루
7032715,식빵햄피자,굽기,일상,밀가루,빵,[재료] 식빵 50g | 토마토스파게티소스 60.0g | 모짜렐라치즈 30.0g | 방울토마토 30g  | 햄 30g,"1인분",1,아무나,"15분이내",15,https://recipe1.ezmember.co.kr/cache/recipe/2024/08/17/0e204591e52f116318e4c0b7a91e194b1.jpg,양식,[재료] 식빵 2개 | 토마토스파게티소스 4 T | 모짜렐라치즈 2 T | 방울토마토  | 햄
7028611,봉골레파스타,볶음,일상,해물류,면/만두,[재료] 바지락 400g | 파스타면 160g | 물 1.5 L  | 마늘 50g | 페퍼론치노 30g | 방울토마토 80g | 올리브 100g | 올리브오일 60.0g | 파르미지아노레지아노 치즈 50g | 소금 45g | 후추 2.5g | 면수 390g,"2인분",2,초급,"30분이내",30,https://recipe1.ezmember.co.kr/cache/recipe/2024/06/19/3f4a1fe5efb497d50234d5d0235bdc921.jpg,양식,[재료] 바지락 400g | 소금 1 T (해감용) | 파스타면 160g | 물 1.5 L (끓일때) | 소금 1 T (끓일때) | 마늘 8개 | 페퍼론치노 1~2개 | 방울토마토 6개 | 올리브 10개 | 올리브오일 4 T | 루꼴라 1 줌 | 파르미지아노레지아노 치즈 취향껏 [양념] 소금 2 꼬집 (1/3T) | 후춧가루 약간 | 면수 6 국자 (약 390g)
7041136,딸기생크림케이크,굽기,일상,밀가루,디저트,[재료] 박력분 90g | 계란 150g | 설탕 75g | 꿀 10g | 버터 20g | 우유 30g | 바닐라익스트랙 2g [양념] 물 40g (시럽) | 설탕 20g (시럽) | 생크림 440g (크림) | 크림치즈 80g (크림) | 설탕 40g (크림) | 딸기 20g,"6인분이상",6,초급,"90분이내",90,https://recipe1.ezmember.co.kr/cache/recipe/2024/12/23/71d8548fcc16b7680d7ed9f2dde1e9111.jpg,양식,[재료] 박력분 90g | 계란 3개 | 설탕 75g | 꿀 10g | 버터 20g | 우유 30g | 바닐라익스트랙 2g [양념] 물 40g (시럽) | 설탕 20g (시럽) | 생크림 440g (크림) | 크림치즈 80g (크림) | 설탕 40g (크림) | 딸기  (데코)
7036479,새우알리오올리오파스타,볶음,일상,해물류,면/만두,[재료] 파스타면 250g | 올리브유 150.0g | 새우 300g | 간마늘 45.0g | 소금 15.0g | 페퍼론치노 100g | 파슬리 30g,"2인분",2,아무나,"30분이내",30,https://recipe1.ezmember.co.kr/cache/recipe/2024/10/15/2fa00f9d9ec080f9fda62edf6ca32cf81.jpg,양식,[재료] 파스타면 250g | 올리브유 10T | 새우 5~20개 (크기에 따라) | 간마늘 3T | 소금 1T | 페퍼론치노 4개 | 파슬리 적당량 | 물 적당량
7033483,불닭파스타,끓이기,일상,밀가루,면/만두,[재료] 파스타면 250g | 양파 50g | 칵테일 새우 200g | 버터 20g | 토마토소스 30.0g | 불닭소스 30.0g | 슬라이스치즈 50g | 우유 300ml | 물 500ml | 파슬리가루 2.5g,"1인분",1,아무나,"30분이내",30,https://recipe1.ezmember.co.kr/cache/recipe/2024/08/27/c9f0d9a6dc45e5fbf9d5a28a66a890031.jpg,양식,[재료] 파스타면 1 인분 | 양파 1/2개 | 칵테일 새우 10개 | 버터 1 조각 (20g) | 토마토소스 2T | 불닭소스 2T | 슬라이스치즈 2 장 | 우유 300ml | 물 500ml | 파슬리가루
7032198,크림닭가슴살스테이크,볶음,영양식,닭고기,양식,[재료] 닭가슴살 100g | 양파 50g | 마늘 25g [양념] 생크림 150ml | 화이트와인 30.0g | 올리브유 15.0g | 버터 15.0g | 크러쉬드레드페퍼 15.0g | 파마산치즈 15.0g | 소금 0.5g | 후추 1g,"1인분",1,아무나,"10분이내",10,https://recipe1.ezmember.co.kr/cache/recipe/2024/08/09/2cd7348f4282c2473f891fe7ed18df5c1.jpg,양식,[재료] 닭가슴살 1개 | 양파 1/6개 | 마늘 5알 [양념] 생크림 150ml | 화이트와인 2 T | 올리브유 1 T | 버터 1 T | 크러쉬드레드페퍼 1 T | 파마산치즈 1 T | 소금 2 꼬집 | 후추 2 꼬집
7033249,고기파스타,볶음,일상,소고기,면/만두,[재료] 파스타면 250g | 통마늘 30g | 브로콜리 30g | 페파론치노 100g | 곰탕 50g (양지) | 소금 2.5g | 파마산가루 20g,"1인분",1,초급,"15분이내",15,https://recipe1.ezmember.co.kr/cache/recipe/2024/08/07/48c35e82937f151c170689983f18e9aa1.jpg,양식,[재료] 파스타면 1 인분 | 통마늘 20알 | 브로콜리 약간만 | 페파론치노 10알 | 곰탕 1 봉지 (양지) | 소금 약간 | 파마산가루 20g
7026392,주꾸미청경재파스타,볶음,일상,해물류,퓨전,[재료] 주꾸미 150g | 카사바 푸실리 60g | 청경채 100g | 숙주나물 150g | 마늘 80g | 페퍼론치노 100g | 아보카도 오일 15.0g | 굴 농축액 15.0g | 소금 2.5g | 물 500ml,"1인분",1,초급,"60분이내",60,https://recipe1.ezmember.co.kr/cache/recipe/2024/05/14/e4662bae799e2f3b262348e6d905c1f21.jpg,양식,[재료 - 1인분] 주꾸미 150g | 카사바 푸실리 60g | 청경채 100g | 숙주나물 150g | 마늘 5 쪽 | 페퍼론치노 5알 | 아보카도 오일 1 T | 굴 농축액 1 T | 건파슬리  | 소금  | 물 500ml
7020283,돼지고기안심찹스테이크,볶음,일상,돼지고기,메인반찬,[재료] 돼지고기 안심 500g | 양파 50g | 양송이버섯 150g | 청피망 50g | 빨간 파프리카 60g | 노란 파프리카 60g | 식용유 30.0g | 다진 마늘 15.0g | 버터 40g [고기 밑간] 소금 5.0g | 후추 2.5g | 밀가루 22.5g [소스] 시판 스테이크 소스 90.0g | 케첩 45.0g | 올리고당 30.0g | 굴 소스 15.0g | 맛술 30.0g,"3인분",3,아무나,"30분이내",30,https://recipe1.ezmember.co.kr/cache/recipe/2024/02/19/eecbfca414bdc909284dc7b58d4e51131.jpg,양식,[재료] 돼지고기 안심 500g | 양파 1/2개 | 양송이버섯 5개 | 청피망 1/2개 | 빨간 파프리카 1/2개 | 노란 파프리카 1/2개 | 식용유 2 T | 다진 마늘 1 T | 버터 40g [고기 밑간] 소금 4 꼬집 | 후추 약간 | 밀가루 1.5 T [소스] 시판 스테이크 소스 6 T | 케첩 3 T | 올리고당 2 T | 굴 소스 1 T | 맛T 2 T
7039884,부추삼겹살덮밥,볶음,일상,돼지고기,밥/죽/떡,[재료] 삼겹살 200g | 부추 50g  | 다진마늘 15.0g | 간장 15.0g | 설탕 30.0g | 후추 7.5g | 밥 200g | 깨 30.0g | 참기름 30.0g,"1인분",1,아무나,"15분이내",15,https://recipe1.ezmember.co.kr/cache/recipe/2024/12/04/1fa6f87a189f6a64a6a6314a94e61e7d1.jpg,일식,[재료] 삼겹살 2 줄 | 부추  | 다진마늘 1 T | 간장 1 T | 설탕 1/2 T | 후추 1/2 티T | 밥 1 공기 | 깨 1/2 T | 참기름 1/2 T
7024017,연어대가리데리야끼구이,굽기,술안주,해물류,메인반찬,[재료] 연어대가리 150g | 맛소금 15.0g | 후추 7.5g | 레몬즙 30.0g  | 양파 50g | 진간장 28g | 쯔유 10.0g | 맛술 10.0g | 설탕 14g | 물엿 5.0g | 물 25.0g,"1인분",1,아무나,"60분이내",60,https://recipe1.ezmember.co.kr/cache/recipe/2024/04/09/64968a2575c98965c16852e3bf0454391.jpg,일식,[재료] 연어대가리 1개 | 맛소금 1 티T | 후추 1 티T | 레몬즙 2 숟갈 [데리야끼소스] 양파 1/2개 | 진간장 4 숟갈 | 쯔유 2 숟갈 | 맛T 2 숟갈 | 설탕 2 숟갈 | 물엿 1 숟갈 | 물 5 숟갈
7018347,베이컨야끼소바,볶음,일상,밀가루,면/만두,[재료] 소바 면 150g | 양배추 50g | 숙주 40g | 베이컨 200g | 대파 50g | 마요네즈 2.5g | 가쓰오부시 2.5g [소스 재료] 간장 15.0g | 우스터소스 15.0g | 굴소스 15.0g | 케첩 15.0g | 설탕 15.0g,"1인분",1,초급,"15분이내",15,https://recipe1.ezmember.co.kr/cache/recipe/2024/01/22/cb5298a11065ecd6e44af9f7490e64b51.jpg,일식,[재료] 소바 면 1 인분 | 양배추 50g | 숙주 40g | 베이컨 4 줄 | 대파 0.5대 | 마요네즈 조금 | 가쓰오부시 조금 [소스 재료] 간장 1 T | 우스터소스 1 T | 굴소스 1 T | 케첩 1 T | 설탕 1 T
7034241,새우달걀덮밥,끓이기,일상,해물류,밥/죽/떡,[재료] 달걀 50g | 새우 300g | 팽이버섯 100g | 대파 50g | 진간장 15.0g | 올리고당 7.5g | 맛술 15.0g | 참기름 15.0g | 육수 300ml | 현미유 30ml,"3인분",3,아무나,"30분이내",30,https://recipe1.ezmember.co.kr/cache/recipe/2024/09/10/f561930c4e0b26bfc6d3ceb3087475c91.jpg,일식,[재료] 달걀 2개 | 새우 7-8 마리 | 팽이버섯 1 봉 | 대파 1/2대 | 진간장 1 T | 올리고당 0.5 T | 맛T 1 T | 참기름 1 T | 육수 300ml | 현미유
7018670,치킨마요덮밥,볶음,일상,닭고기,밥/죽/떡,[재료] 닭가슴살 200g [재료] 간장 15.0g | 물 15.0g | 라임즙 5.0g | 꿀 15.0g | 와사비 2.5g,"1인분",1,초급,"15분이내",15,https://recipe1.ezmember.co.kr/cache/recipe/2024/01/26/cd748751243d6099966a9f1bdd2807d81.jpg,일식,[재료] 치킨  (닭가슴살부위) [재료] 간장 1 T | 물 1 T | 라임즙 1 t | 꿀 1 T | 와사비 조금
7038014,새송이버섯덮밥,볶음,일상,채소류,메인반찬,[재료] 현미밥 100g | 새송이버섯 150g | 양파 160g | 부추 40g | 홍고추 50g | 다진 마늘 7.5g | 페퍼론치노 15.0g | 아보카도오일 10.0g [양념 재료] 굴농축액 15.0g | 양조간장 5.0g | 전분 5.0g | 물 30.0g | 후추 2.5g,"1인분",1,초급,"60분이내",60,https://recipe1.ezmember.co.kr/cache/recipe/2024/11/03/bd0cdd9dcdfff4b806dc22a792befb5b1.jpg,일식,[재료- 1인분] 현미밥 100g | 새송이버섯 150g | 양파 80g | 부추 40g | 홍고추 1개 | 다진 마늘 1 T | 페퍼론치노 5알 | 아보카도오일 2 t (10ml) [양념 재료] 굴농축액 1 T | 양조간장 1 t | 전분 1 t | 물 2 T | 후추 약간
7020103,두반장해물덮밥,볶음,술안주,해물류,메인반찬,[재료] 전복 120g | 냉동모둠해물 200g | 냉동새우 200g | 썬파 45.0g | 다진마늘 2쪽T | 다진생강 5.0g | 고춧기름 45.0g | 두반장 60.0g | 굴소스 15.0g | 소주 30.0g | 양배추 50g | 양파 200g | 청경채 400g | 죽순 200g  | 참기름 30.0g,"2인분",2,아무나,"30분이내",30,https://recipe1.ezmember.co.kr/cache/recipe/2024/02/16/003004aba45fb5ad464de804447449981.jpg,일식,[재료] 전복 120g | 냉동모둠해물 200g | 냉동새우 6 마리 | 썬파 3T | 다진마늘 2T | 다진생강 1t | 고춧기름 3T | 두반장 4T | 굴소스 1T | 소주 2T | 양배추 5 장 | 양파 1개 | 청경채 4개 | 죽순 200g | 전분물  (농도에맞게) | 참기름 2T
7037234,치킨카레덮밥,끓이기,일상,닭고기,메인반찬,[재료] 닭가슴살 200g | 브로콜리 50g | 감자 600g | 양파 200g | 당근 600g | 올리브오일 2.5g | 커리 10.0g | 물 1 L | 강황 30.0g | 밥 200g,"6인분이상",6,아무나,"30분이내",30,https://recipe1.ezmember.co.kr/cache/recipe/2024/10/27/fa3270352ebb17293fe10c236ec4c1c71.jpg,일식,[치킨 카레 덮밥 재료] 닭가슴살 1 팩 | 브로콜리 1대 | 감자 4개 | 양파 1개 | 당근 4개 | 올리브오일 적당히 | 커리 1/2 팩 | 물 1 L | 튜마릭 2T (강황) | 밥 1 공기
7032314,닭고기덮밥,볶음,일상,닭고기,밥/죽/떡,[재료] 닭 정육 200g (다리살) | 마늘 80g | 대파 50g | 청양고추 20g | 밥 200g [닭고기덮밥 소스 재료] 양조간장 22.5g | 굴 소스 15.0g | 노두유 15.0g | 맛술 15.0g (미림) | 다진 생강 30.0g | 설탕 30.0g | 물 15.0g,"1인분",1,초급,"30분이내",30,https://recipe1.ezmember.co.kr/cache/recipe/2024/08/11/3c1522f0450dc78456b891742fce982c1.jpg,일식,[닭고기 덮밥 재료 ] 닭 정육 200g (다리살) | 마늘 3개 | 대파 1대 | 청양고추 2개 | 밥 1 공기 [닭고기덮밥 소스 재료] 양조간장 1.5T | 굴 소스 1T | 노추 1T | 맛T 1T (미림) | 다진 생강 1/2T | 설탕 1/2T | 물 1T
7030581,가지덮밥,굽기,일상,채소류,밥/죽/떡,[재료]가지 100g | 들기름 7g | 식용유 5.0g | 쪽파 50g  | 깨 2.5g  [소스] 굴소스 10.0g | 올리고당 0.5~5.0g | 다진마늘 2.5g | 미림 5.0g | 후추 2.5g,"1인분",1,아무나,"30분이내",30,https://recipe1.ezmember.co.kr/cache/recipe/2024/07/16/22dd528859bea83cae377213166abb1d1.jpg,일식,[가지덮밥 재료] 가지 2개 | 들기름 1 숟갈 | 식용유 1 숟갈 | 쪽파  | 깨  [소스] 굴소스 2 숟갈 (또는 굴소스 1 간장 1) | 올리고당 0.5~1 숟갈 | 다진마늘 0.5 숟갈 | 미림 1 숟갈 | 후추
7039567,마라볶음우동,볶음,일상,채소류,면/만두,[재료] 삼겹살 200g | 양파 슬라이스 30g | 알배추 40g | 새우 100g | 우동면 200g | 숙주 200g (또는 콩나물) [양념] 시판 마라소스 45.0g | 다진마늘 15.0g | 굴소스 15.0g | 땅콩소스 15.0g,"1인분",1,아무나,"10분이내",10,https://recipe1.ezmember.co.kr/cache/recipe/2024/11/29/5bd52adfe130dec67525f0037626c8a81.jpg,일식,[재료] 삼겹살 5 조각 | 양파 슬라이스 조금 | 알배추 4 장 | 새우 5 마리 | 우동면 1개 | 숙주 1 줌 (또는 콩나물) [양념] 시판 마라소스 3 T | 다진마늘 1 T | 굴소스 1 T | 땅콩소스 1 T
7019306,데리야끼삼치구이,굽기,일상,해물류,메인반찬,[재료] 삼치 200g | 전분가루 30.0g | 통마늘 80g | 소금 2.5g | 후추 2.5g | 생강 7.5g [데리야끼 소스] 간장 45.0g | 맛술 45.0g | 물엿 45.0g | 생강가루 5.0g | 레몬생강차 5.0g,"2인분",2,중급,"30분이내",30,https://recipe1.ezmember.co.kr/cache/recipe/2024/02/04/eb9e253fdf0a4a66c5901e629c5ce5eb1.jpg,일식,[재료] 삼치 2 토막 | 전분가루 2 T | 통마늘 3개 | 소금 약간 | 후추 약간 | 생강T 약간 [데리야끼 소스] 간장 3 T | 맛T 3 T | 물엿 3 T | 생강가루 1 t | 레몬생강차 1 t
7027512,가지덮밥,볶음,일상,채소류,메인반찬,[재료] 큰 가지 100g | 닭 가슴살 100g | 현미잡곡밥 100g | 작은 양파 200g | 다진 대파 50g | 풋고추 50g | 다진 마늘 15.0g | 양조간장 15.0g | 전분가루 15.0g | 물 50ml | 올리브오일 5.0g,"1인분",1,초급,"60분이내",60,https://recipe1.ezmember.co.kr/cache/recipe/2024/06/03/c3b907fa0733e8f56faad0f65ce81fb51.jpg,일식,[재료. 1인분] 큰 가지 1개 | 닭 가슴살 100g | 현미잡곡밥 100g | 작은 양파 1개 | 다진 대파 1 줌 | 풋고추 2개 | 다진 마늘 1 T | 양조간장 1 T | 전분가루 1 T | 물 50ml | 건조 오레가노 약간 | 올리브오일 1 t
7034966,찹스테이크덮밥,볶음,일상,돼지고기,밥/죽/떡,[재료] 밥 400g | 돼지고기 400g (사태) | 소금 2.5g | 후춧가루 2.5g | 빨간 파프리카 60g | 노랑 파프리카 60g | 초록 파프리카 60g | 양파 50g | 올리브유 15.0g [양념] 간장 30.0g | 매실청 15.0g | 토마토 케찹 45.0g | 올리고당 15.0g | 굴소스 5.0g | 참기름 5.0g | 고추장 5.0g,"2인분",2,아무나,"30분이내",30,https://recipe1.ezmember.co.kr/cache/recipe/2024/09/21/fb5be39f16b09b5b16e98bd3f29aaf3b1.jpg,일식,[재료] 밥 2 공기 | 돼지고기 400g (사태) | 소금 약간 | 후춧가루 약간 | 빨간 파프리카 1/2개 | 노랑 파프리카 1/2개 | 초록 파프리카 1/2개 | 양파 1/2개 | 올리브유 1T [양념] 간장 2T | 매실청 1T | 토마토 케찹 3T | 올리고당 1T | 굴소스 1t | 참기름 1t | 고추장 1t
7034903,해물볶음우동,볶음,일상,해물류,면/만두,[재료] 우동면 100g | 대패삼겹살 100g | 대파 50g | 양파 50g | 칵테일 새우 300g | 숙주 100g | 달걀 50g [양념] 진간장 15.0g | 굴 소스 30.0g | 버터 10g | 케첩 15.0g | 설탕 30.0g | 다진 마늘 30.0g | 후추 2.5g,"1인분",1,초급,"15분이내",15,https://recipe1.ezmember.co.kr/cache/recipe/2024/09/20/481e77dc06acef1b2720bb44608cea8c1.jpg,일식,[재료] 우동면 1개 | 대패삼겹살 1 줌 | 대파 1대 | 양파 1/2대 | 칵테일 새우 7~8 미 | 숙주 1/2 봉지 | 달걀 1개 [양념] 진간장 1 T | 굴 소스 2 T | 버터 10g | 케첩 1 T | 설탕 1/2 T | 다진 마늘 1/2 T | 후추 약간
7030913,우삼겹팽이버섯덮밥,볶음,일상,소고기,밥/죽/떡,[재료] 우삼겹 100g  | 팽이버섯 50g  | 당근 50g  | 밥 100g  [양념장] 진간장 10.0g | 알롤로스 10.0g | 식초 10.0g | 다진 마늘 2.5g,"1인분",1,아무나,"15분이내",15,https://recipe1.ezmember.co.kr/cache/recipe/2024/07/21/ca6214dd44ffa01d0538cc7837608eb21.jpg,일식,[재료] 우삼겹  | 팽이버섯  | 당근  | 밥  | 깨  [양념장] 진간장 2 수저 | 알롤로스 2 수저 | 식초 2 수저 | 다진 마늘 0.5 수저
7031609,장어초밥,굽기,일상,해물류,밥/죽/떡,[재료] 장어 200g (양념) | 밥 200g | [양념] 원당 15.0g  | 하이볼 15.0g | 식초 15.0g | 소금 10.0g,"1인분",1,초급,"10분이내",10,https://recipe1.ezmember.co.kr/cache/recipe/2024/08/01/142dbd299bfe8224d5794ec846fec3701.jpg,일식,[재료] 장어 7 조각 (양념) | 밥 1 공기 | 김 1 장 [양념] 원당 1 T (또는 설탕) | 하이볼 1 T | 식초 1 T | 소금 2 꼬집
7020273,토마토닭고기덮밥,볶음,일상,닭고기,밥/죽/떡,[재료] 방울토마토 100g | 닭가슴살 200g | 두부 150g | 사과 100g | 양파 50g | 밥 400g | 마늘 80g | 식용유 15.0g | 설탕 5.0g | 간장 30.0g,"2인분",2,아무나,"30분이내",30,https://recipe1.ezmember.co.kr/cache/recipe/2024/02/18/ff0e136c715e15d837b7c0bd86be802f1.jpg,일식,[재료] 방울토마토 10개 | 닭가슴살 2개 | 두부 1/2 모 | 사과 1/2개 | 양파 1/2개 | 밥 2 공기 | 마늘 3개 | 식용유 1T | 설탕 1t | 간장 2T
7017982,차돌박이볶음면,볶음,일상,소고기,면/만두,[재료] 차돌박이 200g  | 양파 50g | 파스타 300g | 페페론치노 15.0g | 소금 2.5g  | 후추 2.5g  | 굴소스 30.0g | 케첩 15.0g | 진간장 15.0g | 올리브오일 2.5g,"2인분",2,초급,"30분이내",30,https://recipe1.ezmember.co.kr/cache/recipe/2024/01/17/3b38d86e9dbbfbda77088d3e16a744521.jpg,중식,[재료] 차돌박이  | 양파 1/2개 | 파스타 2 인분 | 페페론치노  (혹은 굵은 고추가루) | 소금  | 후추  | 굴소스 2 T | 케첩 1 T | 진간장 1 T | 올리브오일
7036165,해물짬뽕탕,끓이기,일상,해물류,국/탕,[재료] 냉동 해물믹스 300g | 양파 100g | 배추 100g | 대파 50g [양념] | 다진 마늘 100g  | 간장 15.0g  | 굴소스 5.0g  | 고춧가루 20.0g  | 소금 2.5g  | 후추 2.5g | 식용유 15.0g  | 물 1 L,"2인분",2,아무나,"30분이내",30,https://recipe1.ezmember.co.kr/cache/recipe/2024/10/08/194f84f073cf09e6121ace67fbdffaad1.jpg,중식,[재료] 냉동 해물믹스 300g | 양파 1.5개 | 배추 100g | 대파 약간 [양념] 미림 2  | 다진 마늘 2  | 간장 3  | 굴소스 1  | 고춧가루 4  | 소금 0.5  | 후추 약간 | 식용유 3  | 물 1 L
7019168,짜장밥,볶음,일상,돼지고기,밥/죽/떡,[재료] 돼지고기 카레용 200g | 대파 50g | 감자 300g | 양파 200g | 짜장 200g | 전분가루 30.0g | 쪽파 50g,"4인분",4,초급,"30분이내",30,https://recipe1.ezmember.co.kr/cache/recipe/2024/02/02/32dcc0cc881f6c8939734abbf99218781.jpg,중식,[재료] 돼지고기 카레용 200g | 대파 흰부분 약간 | 감자 2개 | 양파 1개 | 짜장 4 인분 | 전분가루 2 T | 쪽파 약간
7017159,마파순두부,볶음,일상,돼지고기,메인반찬,[재료] 순두부 200g | 돼지고기 다짐육 200g | 양파 200g | 다진 대파 15.0g | 다진 마늘 15.0g | 된장 15.0g | 고추장 15.0g | 고춧가루 30.0g | 설탕 2/45.0g | 소금 2/45.0g | 물 200ml | 쇠고기다시다 15.0g | 식용유 5.0g,"4인분",4,초급,"15분이내",15,https://recipe1.ezmember.co.kr/cache/recipe/2024/01/05/939841da09c43f39f5a81f5894b4ba231.jpg,중식,[재료] 순두부 200g | 돼지고기 다짐육 200g | 양파 1개 | 다진 대파 1T | 다진 마늘 1T | 된장 1T | 고추장 1T | 고춧가루 2T | 설탕 2/3T | 소금 2/3T | 물 1/2 200g | 쇠고기다시다 1T | 식용유 1 바퀴
7027731,가지탕수육,튀김,손님접대,채소류,메인반찬,[재료] 가지 100g | 홍고추 50g | 청양고추 10g | 라이스페이퍼 50g  [소스 ] 물 300ml | 진간장 15.0g | 식초 45.0g | 설탕 45.0g | 소금 30.0g | 물 50ml | 전분가루 45.0g | 물 75.0g,"2인분",2,중급,"60분이내",60,https://recipe1.ezmember.co.kr/cache/recipe/2024/06/06/f5e8f2d1323acf2d8a13051c0605be771.jpg,중식,[재료] 가지 2개 | 홍고추 1개 | 청양고추 1개 | 라이스페이퍼  | 전분  [소스 만들기] 물 300 ML | 진간장 1 T | 식초 3 T | 설탕 3 T | 소금 1/2 T | 물  (전분물) [전분물 만들기] 전분가루 3 T | 물 5 T
7036004,고기짬뽕,삶기,일상,돼지고기,면/만두,[재료] 돼지 등심 276g | 라면 240g | 해산물믹스 50g  | 대파 50g | 양파 50g,"2인분",2,아무나,"15분이내",15,https://recipe1.ezmember.co.kr/cache/recipe/2024/10/08/f33a92c9eb17e49bb091e973cc5e4e6f1.jpg,중식,[재료] 돼지 등심 276g | 라면 2 봉지 | 해산물믹스  | 대파  | 양파
7024727,만두탕수육,끓이기,초스피드,채소류,양념/소스/잼,[재료] 고기만두 200g | 양파 30g | 당근 38g | 노랑 파프리카 30g | 빨강 파프리카 30g | 식용유 30.0g [탕수육소스] 물 100ml | 설탕 37.5g | 식초 52.5g | 진간장 22.5g | 전분물 30.0g,"1인분",1,아무나,"15분이내",15,https://recipe1.ezmember.co.kr/cache/recipe/2024/04/18/df6774f9917b148abd74ddfb9d72eb141.jpg,중식,[재료] 고기만두 5개 | 양파 1/4개 | 당근 1/4개 | 노랑 파프리카 1/4개 | 빨강 파프리카 1/4개 | 식용유 2 T [탕수육소스] 물 100ml | 설탕 2.5 T | 식초 3.5 T | 진간장 1.5 T | 전분물 2 T
7036303,반미샌드위치,굽기,일상,채소류,빵,[재료] 반미 바게트 100g | 당근 75g | 오이 130g | 무 50g | 소불고기 200g | 식초 60.0g | 설탕 15.0g | 소금 30.0g | 피쉬소스 30.0g (까나리액젓) [소불고기 양념] 양조간장 30.0g | 미림 맛술 30.0g | 피쉬소스 15.0g | 설탕 15.0g | 다진마늘 15.0g | 후추 2.5g [바게트에 바르는 소스 ] 마요네즈 30.0g | 레몬즙 15.0g | 스위트칠리소스 15.0g | 케첩 30.0g | 올리고당 30.0g,"2인분",2,초급,"30분이내",30,https://recipe1.ezmember.co.kr/cache/recipe/2024/10/12/098cde1c664af458aad28a9b94521b8c1.jpg,동남아식,[재료] 반미 바게트 2개 | 당근 1/2개 | 오이 1개 | 무 1 토막 (2~3cm) | 소불고기 200g | 바질 10 잎 [야채 절임용 ] 식초 4 T | 설탕 1 T | 소금 1/2 티T | 피쉬소스 1/2 T (까나리액젓) [소불고기 양념] 양조간장 2 T | 미림 맛T 2 T | 피쉬소스 1 T | 설탕 1 T | 다진마늘 1 T | 후추 약간 [바게트에 바르는 소스 ] 마요네즈 2 T | 레몬즙 1 T | 스위트칠리소스 1 T | 케첩 1/2 T | 올리고당 1/2 T
7037491,버터치킨커리,끓이기,일상,닭고기,퓨전,[재료] 닭다리살 300g | 양파 50g | 다진마늘 5.0g | 토마토소스 30.0g | 카레가루 15.0g | 버터 10.0g | 우유 350ml | 파프리카 가루 5.0g (생략 가능) | 페페론치노가루 5.0g  (생략 가능) [고기 밑간] 카레가루 5.0g | 생강가루 5.0g | 소주 30.0g | 후추 2.5g,"2인분",2,초급,"60분이내",60,https://recipe1.ezmember.co.kr/cache/recipe/2024/10/31/5b6fa34b30d53919628fedd3bdac16351.jpg,동남아식,[재료] 닭다리살 300g | 양파 0.5개 | 다진마늘 1 숟갈 | 토마토소스 크게 2 숟갈 | 카레가루 3~5 숟갈 | 버터 2 숟갈 | 우유 350ml | 파프리카가루  (생략 가능) | 페페론치노가루  (생략 가능) [고기 밑간] 카레가루 1 숟갈 | 생강가루 1 꼬집 | 소주 2 숟갈 | 후추
7039749,무굴국,끓이기,영양식,해물류,국/탕,[재료] 봉지굴 250g | 무 250g | 미역 0.5g | 코인육수 8g | 참치액젓 15.0g | 까나리액젓 30.0g | 소금 0.5g | 대파 80g | 부추 0.5g | 물 1.5 L | 굵은소금 15.0g,"3인분",3,아무나,"30분이내",30,https://recipe1.ezmember.co.kr/cache/recipe/2024/12/02/7a71efbba78c03d4ff4b54359db1501f1.jpg,한식,[재료] 봉지굴 250g | 무 250g | 미역 조금 | 코인육수 2알 | 참치액젓 1 T | 까나리액젓 1/2 T | 소금 조금 | 대파 1대 | 부추 조금 | 물 1.5 L | 굵은소금 1 T
7033125,콩나물국,끓이기,해장,채소류,국/탕,[재료] 콩나물 500g | 조개멸치 육수 8g | 다진마늘 15.0g | 파 10g | 썬 청양고추 10g | 고춧가루 0.5g,"4인분",4,아무나,"30분이내",30,https://recipe1.ezmember.co.kr/cache/recipe/2024/08/23/b9d950621ebd53a48cd8cb2ed089974a1.jpg,한식,[재료] 콩나물 500g | 조개멸치 육수 2알 | 순하군안성탕면 분말스프 1개 | 다진마늘 1T | 썬파 3T | 썬 청양고추 1T | 고춧가루 조금
7036668,고추잎나물볶음,볶음,일상,채소류,밑반찬,[재료] 삶은 고추잎 400~500g | 대파 0.5g [양념] 진간장 30.0g | 국간장 15.0g | 다진마늘 15.0g | 표고버섯가루 0.5g | 생강 15.0g | 올리고당 30.0g | 고추가루 22.5g | 후추가루 0.5g | 참기름 15.0g | 통깨 0.5g,"6인분이상",6,아무나,"10분이내",10,https://recipe1.ezmember.co.kr/cache/recipe/2024/10/09/ebe156c65899e063aaf56684401363101.jpg,한식,[재료] 삶은 고추잎 400~500g | 대파 조금 [양념] 진간장 2T | 국간장 1T | 다진마늘 1T | 표고버섯가루 조금 | 생강T 1T (맛T) | 올리고당 2T | 고추가루 1~2T | 후추가루 조금 | 참기름 1T | 통깨 조금
7019954,맑은소고기무국,끓이기,일상,소고기,국/탕,[재료] 소고기 600g | 무 800g | 두부 300g | 국간장 22.5g,"4인분",4,아무나,"30분이내",30,https://recipe1.ezmember.co.kr/cache/recipe/2024/02/14/8e0dec6d64342bdff1f33498af0df7ed1.jpg,한식,[재료] 소고기 600g | 무 15 cm | 두부 1 모 | 국간장 1/3 국자
7021433,우삼겹된장찌개,끓이기,일상,소고기,찌개,[재료] 우삼겹 100g | 감자 150g | 두부 150g | 애호박 60g | 삭힌고추 75g (or 땡초) | 양파 65g | 대파 40g | 쌀뜨물 100ml [양념] 된장 22.5g | 고추장 7.5g | 다진마늘 7.5g | 생강T 7.5g | 황설탕 15.0g | 소금 0.5g,"4인분",4,초급,"30분이내",30,https://recipe1.ezmember.co.kr/cache/recipe/2024/03/05/9bee66edc946f9f4adffb291d87cea811.jpg,한식,[재료] 우삼겹 100g | 감자 1개 | 두부 1/2 모 | 애호박 1/3개 | 삭힌고추 5개 (or 땡초) | 양파 1/3개 | 대파 1/3개 | 쌀뜨물 100ml [양념] 된장 1.5 T | 고추장 0.5 T | 다진마늘 0.5 T | 생강T 0.5 T | 황설탕 1 티T | 소금 약간
7030705,불고기파스타,볶음,일상,소고기,면/만두,[재료] 링귀니면 1000.0g | 양파 800g | 당근 300g | 양배추 400g | 대파 240g [불고기] 불고기 3000.0g | 간장 400ml | 설탕 400g | 굴소스 200g | 다진마늘 200g | 미림 200ml | 후추 25g,"6인분이상",6,아무나,"30분이내",30,https://recipe1.ezmember.co.kr/cache/recipe/2024/07/17/c965210e90bdd2f6eff120fa079a0ae41.jpg,한식,[재료 60인분] 링귀니면 1kg | 양파 4 ea | 당근 2 ea | 양배추 1/2 ea | 대파 3 ea [불고기] 불고기 고기 3kg | 간장 400ml | 설탕 400g | 굴소스 200g | 다진마늘 200g | 미림 200ml | 후추 50g
7019724,소고기물만두떡국,끓이기,명절,소고기,국/탕,[재료] 소고기 300~400g | 떡국떡 400~500g | 물만두 250g | 나주 곰탕 500g | 김가루 0.5g | 계란지단 0.5g | 대파 0.5g [양념] 생강T 30.0g | 다진마늘 5.0g | 소금 0.5g | 후추가루 0.5g,"4인분",4,아무나,"30분이내",30,https://recipe1.ezmember.co.kr/cache/recipe/2024/02/10/15a3718a327a4a590c7864371cbbe44f1.jpg,한식,[재료] 소고기 300~400g | 떡국떡 400~500g | 물만두 작은 1 봉지 | 나주 곰탕 1 팩 | 김가루 조금 | 계란지단 조금 | 대파 조금 [양념] 생강T 2T | 다진마늘 1t | 소금 조금 | 후추가루 조금
7021005,냉이된장찌개,끓이기,일상,채소류,찌개,[재료] 냉이 200g | 두부 100g | 대파 80g | 청양고추 20g | 코인육수 4g (or 다시다) | 물 600ml | 식용유 0.5g | 된장 45.0g | 고춧가루 10.0g | 다진마늘 15.0g,"4인분",4,초급,"15분이내",15,https://recipe1.ezmember.co.kr/cache/recipe/2024/02/28/02a9067af637596d41dab9db266cc9741.jpg,한식,[재료] 냉이 200g | 두부 100g | 대파 1대 | 청양고추 2개 | 코인육수 1개 (or 다시다) | 물 600ml | 식용유 약간 | 된장 3 T | 고춧가루 2 t | 다진마늘 1 T
7020456,잡채,볶음,일상,돼지고기,메인반찬,[재료] 당면 100g | 표고버섯 90g | 돼지고기 잡채용 100g | 당근 75g | 양파 100g | 부추 30g [양념] 물 100ml | 간장 60.0g | 설탕 30.0g | 맛술 15.0g | 식용유 15.0g [고기 밑간] 맛술 15.0g | 간장 15.0g | 참기름 15.0g | 후추 0.5g | 다진 마늘 30.0g,"3인분",3,초급,"30분이내",30,https://recipe1.ezmember.co.kr/cache/recipe/2024/02/21/1e92917678d825a95424263da856ebe01.jpg,한식,[재료] 당면 100g | 표고버섯 3개 | 돼지고기 잡채용 100g | 당근 1/2개 | 양파 1/2개 | 부추 1 줌 [양념] 물 100ml | 간장 4 T | 설탕 2 T | 맛T 1 T | 식용유 1 T [고기 밑간] 맛T 1 T | 간장 1 T | 참기름 1 T | 후추 약간 | 다진 마늘 1/2 T
7019156,배추된장국,끓이기,일상,채소류,국/탕,[재료] 알배기배추 100g | 된장 45.0g | 고추장 45.0g | 다진마늘 15.0g | 들기름 30.0g | 표고버섯가루 30.0g | 소금 0.5g,"4인분",4,초급,"30분이내",30,https://recipe1.ezmember.co.kr/cache/recipe/2024/01/06/2069cfc2e632f8a47e31b189ba6ea9681.jpg,한식,[재료] 알배기배추 10 장 | 된장 3 T | 고추장 3 T | 다진마늘 1 T | 들기름 2 T | 표고버섯가루 2 T | 소금 약간
7028147,멸치김치찌개,끓이기,일상,채소류,찌개,[재료] 김장김치 250g | 오이소박이 국물 200g | 오이소박이 320g | 볶음용멸치 20g | 물 1.2 L | 마른 두부 300g | 다진마늘 15.0g | 대파 120g | 멸치액젓 60.0g,"4인분",4,아무나,"30분이내",30,https://recipe1.ezmember.co.kr/cache/recipe/2024/06/12/f7f749b02fa80d1f9d2330061acbf2371.jpg,한식,[재료] 김장김치 1/2 포기 | 오이소박이 국물 4 국자 | 오이소박이 4개 | 볶음용멸치 1 국자 | 물 1.2 L | 마른 두부 1 모 | 다진마늘 1T | 대파 1개 | 멸치액젓 4T
7030943,두부배추들깨국,끓이기,일상,채소류,국/탕,[재료] 육수 1 L | 알배기배추 60g | 두부 150g | 대파 80g | 표고버섯 60g | 다진마늘 15.0g | 들깨가루 60.0g | 액젓 30.0g | 국간장 30.0g | 무 100g,"5인분",5,초급,"30분이내",30,https://recipe1.ezmember.co.kr/cache/recipe/2024/07/22/7b63fe25cd535dc51cb14ab947038ed31.jpg,한식,[재료] 육수 1 L | 알배기배추 6 장 | 두부 1/2 모 | 대파 1대 | 표고버섯 2개 | 다진마늘 1 T | 들깨가루 4 T | 액젓 2 T | 국간장 2 T | 무 100g
7040817,애호박두부국,끓이기,일상,채소류,국/탕,[재료] 두부 300g | 애호박 90g | 국간장 30.0g | 참기름 30.0g | 된장 10.0g | 참치액 15.0g | 소금 0.5g | 물 500ml,"2인분",2,아무나,"10분이내",10,https://recipe1.ezmember.co.kr/cache/recipe/2024/12/18/c3c8086a4695884aff661c1bde6314cb1.jpg,한식,[재료] 두부 1 모 | 애호박 1/2개 | 국간장 1/2T | 참기름 1/2T | 된장 1/2t | 참치액 1T | 소금 약간 | 물 500ml
7020729,야채잡채,볶음,일상,채소류,메인반찬,[재료] 브로콜리 줄기 80g | 당면 300g | 양파 100g | 당근 75g | 미나리 70g | 다진 소고기 50g | 양조간장 90.0g | 설탕 30.0g | 참기름 15.0g | 참깨 30.0g | 후추 0.5g,"4인분",4,초급,"30분이내",30,https://recipe1.ezmember.co.kr/cache/recipe/2024/02/24/5a84dd0022e2a2a747f5059b87bc17cc1.jpg,한식,[재료] 브로콜리 줄기 2개 | 당면 300g | 양파 1/2개 | 당근 1/2개 | 미나리 70g | 다진 소고기 50g | 양조간장 6 T | 설탕 2 T | 참기름 1 T | 참깨 2 T | 후추 약간
7037939,새우콩나물국,끓이기,일상,해물류,국/탕,[재료] 흰다리새우 300g | 콩나물 200g | 물 1.2 L | 대파 120g | 청양고추 20g | 코인육수 4g [양념] 국간장 15.0g | 멸치액젓 15.0g (or 참치액) | 고춧가루 22.5g | 맛술 45.0g | 다진마늘 7.5g | 소금 0.5g | 후추 0.5g,"6인분이상",6,초급,"60분이내",60,https://recipe1.ezmember.co.kr/cache/recipe/2024/11/06/466741542871261ba6596c94f697c47b1.jpg,한식,[재료] 흰다리새우 15 마리 | 콩나물 200g | 물 1.2 L | 대파 1개 | 청양고추 2개 | 코인육수 1개 [양념] 국간장 1 T | 멸치액젓 1 T (or 참치액) | 고춧가루 1.5 T | 맛T 3 T | 다진마늘 0.5 T | 소금 약간 | 후추 약간
7023255,콩나물불고기,볶음,술안주,돼지고기,메인반찬,[재료] 대패삼겹살 300g | 콩나물 250g | 대파 80g  | 양파 200g  | 청양고추 10g  | 홍고추 15g  | 고추장 30.0g | 고춧가루 30.0g | 진간장 30.0g | 맛술 30.0g | 설탕 30.0g | 다진마늘 15.0g | 참기름 15.0g,"2인분",2,초급,"15분이내",15,https://recipe1.ezmember.co.kr/cache/recipe/2024/03/30/e629e916c3faeb0f97c79c0e65a35ddc1.png,한식,[재료] 대패삼겹살 300g | 콩나물 250g | 대파 1  | 양파 1  | 청양고추 1  | 홍고추 1  | 고추장 2 T | 고춧가루 2 T | 진간장 2 T | 맛T 2 T | 설탕 2 T | 다진마늘 1 T | 참기름 1 T
7038409,돈까스김치나베,끓이기,일상,돼지고기,찌개,[재료] 돈까스 150g | 묵은지 400g | 양파 100g | 달걀 50g | 대파 80g [양념] 설탕 15.0g | 국간장 22.5g | 참치액 15.0g | 치킨스톡 15.0g | 피자치즈 80g,"1인분",1,아무나,"15분이내",15,https://recipe1.ezmember.co.kr/cache/recipe/2024/11/11/159801058497ff2ca105fbe800e65a3a1.gif,한식,[재료] 돈까스 1개 | 묵은지 1/2 포기 | 양파 1/2개 | 달걀 1개 | 대파 1대 [양념] 설탕 1 T | 국간장 1.5 T | 참치액 1 T | 치킨스톡 1 T | 피자치즈 취향껏
7022045,스지된장찌개,끓이기,일상,소고기,찌개,[재료] 소고기 스지 300g | 무 250g | 양파 200g | 두부 200g (취향대로) | 대파 40g [양념] 된장 30.0g | 쌈장 15.0g | 고추가루 30.0g | 마늘 15.0g | 물 600ml,"4인분",4,아무나,"60분이내",60,https://recipe1.ezmember.co.kr/cache/recipe/2024/03/13/e91f56b96bb3ffe16f89fdb399c1d6a81.jpg,한식,[재료] 소고기 스지 300g | 무 2/4개 | 양파 1개 | 두부 5 조각 (취향대로) | 대파 1/2개 [양념] 된장 2 T | 쌈장 1 T | 고추가루 2 T | 마늘 1 T | 물 600ml
7030438,백김치삼겹살구이,굽기,일상,돼지고기,메인반찬,[재료] 삼겹살 500g | 백김치 1000g,"2인분",2,아무나,"15분이내",15,https://recipe1.ezmember.co.kr/cache/recipe/2024/07/14/30ced22d0dab046add1c67bbba3e7d761.jpg,한식,[재료] 삼겹살  | 백김치
7032803,소불고기,볶음,일상,소고기,메인반찬,[재료] 소고기 불고기용 1000.0g | 양파 400g | 당근 70g | 표고버섯 150g | 대파 80g | 당면 50g | 통깨 15.0g [양념장 재료] 다진 마늘 45.0g | 생강 15.0g | 대파 40g (흰 부분) | 갈아만든배 350ml | 간장 165.0g | 설탕 45.0g | 물엿 45.0g | 매실액 30.0g | 맛술 45.0g | 후추 0.5g | 참기름 60.0g,"5인분",5,초급,"30분이내",30,https://recipe1.ezmember.co.kr/cache/recipe/2024/09/06/87885f65ad5194dfc35d6403f87d9cb11.jpg,한식,[재료] 소고기 불고기용 1kg | 양파 200g | 당근 70g | 표고버섯 5개 | 대파 1대 | 당면 1 줌 | 통깨 1 T [양념장 재료] 다진 마늘 3 T | 생강 1 T | 다진 대파 1/2대 (흰 부분) | 갈아만든배 350ml | 간장 11 T | 설탕 3 T | 물엿 3 T | 매실액 2 T | 맛T 3 T | 후추 1/2 T | 참기름 4 T
7020248,고갈비,굽기,일상,해물류,메인반찬,[재료] 고등어 150g | 대파 30g  | 통깨 10g  | 오일 5.0g [양념] 고추장 15.0g | 고춧가루 5.0g | 미림 15.0g | 참치액 10.0g | 올리고당 5.0g | 다진마늘 5.0g | 참기름 10.0g | 생강가루 40.0g | 후춧가루 40.0g,"3인분",3,아무나,"60분이내",60,https://recipe1.ezmember.co.kr/cache/recipe/2024/02/18/46723cf6c65d348a4bc681b7d09e9bbc1.jpg,한식,[재료] 고등어 1 마리 | 대파  | 통깨  | 오일 적당량 [양념] 고추장 1T | 고춧가루 1t | 미림 1T | 참치액 1/2t | 올리고당 1t | 다진마늘 1t | 참기름 1/2t | 생강가루 1/8t | 후춧가루 1/8t
7022425,수란오트밀김치죽,끓이기,다이어트,채소류,밥/죽/떡,[재료] 다진김치 45.0g | 참기름 30.0g | 물 250ml | 오트밀 75.0g | 참치액 7.5g | 계란 100g | 통깨 10g  | 김가루 0.5g,"1인분",1,초급,"15분이내",15,https://recipe1.ezmember.co.kr/cache/recipe/2024/03/17/268253fb72d306e57f280ad85e4ccffc1.jpg,한식,[재료] 다진김치 3 T | 참기름 2 T | 물 250ml | 오트밀 5 T | 참치액 0.5 T | 계란 2개 | 통깨  | 김가루
7033070,소고기미역국,끓이기,일상,소고기,국/탕,[재료] 소고기 양지 165g | 건미역 10g | 국간장 22.5g | 참치액 30.0g | 들기름 15.0g | 다진 마늘 15.0g | 소금 2.5g | 미역 불린 물 1.8L,"4인분",4,아무나,"60분이내",60,https://recipe1.ezmember.co.kr/cache/recipe/2024/08/23/d7bb8c9e740040c534819d4df127d5e31.jpg,한식,[재료] 소고기 양지 165g | 건미역 10g | 국간장 1.5T | 참치액 2T | 들기름 1T | 다진 마늘 1T | 소금 2.5g | 미역 불린 물 1.8 리터
7027605,소고기된장무짜글이,끓이기,일상,소고기,찌개,[재료] 소고기 200g (차돌박이 부채살사용) | 무 400g | 대파 240g  | 홍고추 10g | 청양고추 10g | 물 400ml | 사골코인 4g | 소금 후추 0.5g [소고기 된장 무 짜글이 양념] 된장 45.0g | 고추장 15.0g | 다진마늘 15.0g | 고춧가루 15.0g,"2인분",2,초급,"60분이내",60,https://recipe1.ezmember.co.kr/cache/recipe/2024/06/05/437d88ba00ea54f6b624179ee40263e61.jpg,한식,[소고기 된장 무 짜글이 재료] 소고기 200g (차돌박이 부채살사용) | 무 400g | 대파 2개 (15cm) | 홍고추 1/2개 | 청양고추 1개 | 물 400ml | 사골코인 육수 1알 | 소금 후추 소량 [소고기 된장 무 짜글이 양념] 된장 3 T | 고추장 1 T | 다진마늘 1 T | 고춧가루 1 T
7022627,시래기된장국,끓이기,일상,채소류,국/탕,[재료] 삶은 무청시래기 700g | 멸치육수코인 8g | 물 3 L [양념] 다진마늘 45.0g | 들깨가루 45.0g | 들기름 45.0g | 된장 75.0g | 고추장 15.0g | 고춧가루 15.0g | 참치액 45.0g | 표고버섯가루 15.0g | 맛술 45.0g | 소금 7.5g,"6인분이상",6,초급,"30분이내",30,https://recipe1.ezmember.co.kr/cache/recipe/2024/03/20/4994aa23fb6e52d86386514fae086df01.jpg,한식,[재료] 삶은 무청시래기 700g | 멸치육수팩 2개 | 물 3 L [양념] 다진마늘 3T | 들깨가루 3T | 들기름 3T | 된장 5T | 고추장 1T | 고춧가루 1T | 참치액 3T | 표고버섯가루 1T | 맛T 3T | 소금 0.5T
7025840,바지락순두부찌개,끓이기,일상,해물류,찌개,[재료] 바지락 278g | 순두부 350g | 육수 500ml | 양파 100g | 표고버섯 30g | 애호박 36g | 대파 160g | 소금 15.0g (해감용) [양념] 식용유 15.0g | 고춧가루 30.0g | 국간장 15.0g | 멸치 액젓 5.0g | 저염 명란젓 44g | 미림 30.0g | 다진 마늘 30.0g | 소금 10.0g,"2인분",2,초급,"30분이내",30,https://recipe1.ezmember.co.kr/cache/recipe/2024/05/07/e07154b50d7aa892c01c5f3226357ee11.jpg,한식,[재료] 바지락 278g | 순두부 1 봉지 | 육수 500ml | 양파 1/2개 | 표고버섯 1개 | 애호박 1/5개 | 대파 2대 | 소금 1 T (해감용) [양념] 식용유 1 T | 고춧가루 2 T | 국간장 1 T | 멸치 액젓 1 t | 저염 명란젓 44g | 미림 2 T | 다진 마늘 2 T | 소금 1/2 t
7035545,애호박간장국수,볶음,일상,채소류,면/만두,[재료] 소면 200g | 애호박 180g | 대파 40g | 청양고추 7g | 다진 마늘 15.0g | 김가루 적당량 [양념장] 간장 45.0g | 설탕 30.0g | 참치액 30.0g | 레몬즙 30.0g | 참기름 15.0g | 통깨 15.0g,"2인분",2,초급,"30분이내",30,https://recipe1.ezmember.co.kr/cache/recipe/2024/09/30/43726abae0f1074b9f0f078a86da91571.jpg,한식,[재료] 소면 200g | 애호박 1개 | 대파 1/2대 | 청양고추 1/2개 | 다진 마늘 1 T | 김가루 적당량 [양념장] 간장 3 T | 설탕 2 T | 참치액 1/2 T | 레몬즙 2 T | 참기름 1 T | 통깨 1 T
7020821,참나물페스토치킨,굽기,술안주,닭고기,메인반찬,[재료] 참나물 100g | 닭다리살 정육 500g | 후추 0.5g  | 소금 0.3g  [찍먹소스] 마요네즈 75.0g | 레몬즙 30.0g | 설탕 45.0g [참나물페스토 재료] 참나물 100g | 올리브유 30g | 후추 0.5g | 소금 15.0g,"2인분",2,초급,"60분이내",60,https://recipe1.ezmember.co.kr/cache/recipe/2024/02/26/27bc397b65c65a2044c50acfe1bc52d81.jpg,한식,[재료] 참나물 100g | 닭다리살 정육 500g | 후추  | 소금  [찍먹소스] 마요네즈 5 T | 레몬즙 2 T | 설탕 3 T [참나물페스토 재료] 참나물 100g | 올리브유 30g | 후추 1 T | 소금 1 T
7037274,소고기무국,끓이기,일상,소고기,국/탕,[재료] 소고기국거리 200g | 무 50g  | 대파 80g | 소금 15.0g | 국간장 15.0g | 참치액 15.0g | 고춧가루 15.0g | 물 700ml | 다진마늘 15.0g | 참기름 0.5g,"4인분",4,초급,"60분이내",60,https://recipe1.ezmember.co.kr/cache/recipe/2024/10/28/56f67f59caf5bdb37e81068aa5edda3f1.jpg,한식,[재료] 소고기국거리 200g | 무 1/4  | 대파 넉넉히 | 소금 1 티T | 국간장 1 티T | 참치액 1 티T | 고춧가루 1 T | 물 700ml | 다진마늘 1 T | 참기름 조금
7032034,꽃게된장찌개,끓이기,일상,해물류,찌개,[재료] 냉동꽃게 500g | 감자 150g (대) | 두부 200g | 애호박 45g | 양파 100g | 청양고추 10g [양념] 집된장 15.0g (크게) | 다진마늘 30.0g | 코인육수 4g (생략가능),"4인분",4,아무나,"15분이내",15,https://recipe1.ezmember.co.kr/cache/recipe/2024/08/07/9a9c3efe2b67da0e9f6e8228bfb8fe7b1.jpg,한식,[재료] 냉동꽃게 3 마리 | 감자 1개 (대) | 두부 2/3 모 | 애호박 1/4개 | 양파 1/2개 | 청양고추 1개 [양념] 집된장 1 T (크게) | 다진마늘 1/2 T | 코인육수 1개 (생략가능)
7026173,숙주나물김치현미떡국,끓이기,일상,채소류,밥/죽/떡,[재료] 숙주나물 150g | 묵은 김치 200g | 김치국물 300ml  | 파 10g | 표고버섯 60g | 계란 50g | 현미 떡국 100g | 멸치 다시마 육수 500ml,"1인분",1,초급,"60분이내",60,https://recipe1.ezmember.co.kr/cache/recipe/2024/05/09/863aa76bfa690d555cf74cc96a88b6ff1.jpg,한식,[재료 - 1인분] 숙주나물 150g | 묵은 김치 1~2 200g | 김치국물  | 다진 쪽파 1 T | 표고버섯 2개 | 계란 1개 | 현미 떡국 100g | 멸치 다시마 육수 500ml
7021136,갈비치킨,볶음,일상,닭고기,메인반찬,[재료] 닭다리살 1000.0g | 소금 7.5g | 다진마늘 30.0g | 대파 80g | 설탕 30.0g | 간장 75.0g | 굴소스 30.0g | 물엿 105.0g,"2인분",2,초급,"60분이내",60,https://recipe1.ezmember.co.kr/cache/recipe/2024/03/01/cefac32f92fac8f22e5b2c80993398ee1.jpg,한식,[재료] 닭다리살 1kg | 소금 0.5 T | 다진마늘 2 T | 대파 1대 | 설탕 2 T | 간장 5 T | 굴소스 2 T | 물엿 7 T
7040616,양배추나물,볶음,일상,채소류,밑반찬,[재료] 양배추 500g | 대파 20g | 다진마늘 30.0g | 들기름 30.0g | 소금 30.0g,"2인분",2,아무나,"15분이내",15,https://recipe1.ezmember.co.kr/cache/recipe/2024/12/16/2cfa4a06679e61cab955b1107444ccbb1.jpg,한식,[재료] 양배추 1/2 통 (500g) | 대파 1/3대 | 다진마늘 1/2T | 들기름 2T | 소금 1/2T
7021915,소고기들깨미역국,끓이기,영양식,소고기,국/탕,[재료] 소고기 150g  | 불린미역 150g | 들깨가루 5g  [양념] 국간장 22.5g  | 들기름 5.0g,"2인분",2,중급,"30분이내",30,https://recipe1.ezmember.co.kr/cache/recipe/2024/03/11/31886301805cb591150780ee35ce71201.jpg,한식,[재료] 소고기  | 불린미역  | 들깨가루  [양념] 국간장  | 들기름
7031088,콩나물소불고기볶음,볶음,일상,소고기,메인반찬,[재료] 소고기 200g | 콩나물 크게 100g | 청량고추 15g | 대파 40g | 양파 100g | 당근 0.5g [양념] 진간장 30.0g | 굴소스 15.0g | 고추가루 45.0g | 들기름 30.0g | 마늘 15.0g | 설탕 15.0g | 맛술 15.0g | 후추 0.5g,"2인분",2,아무나,"15분이내",15,https://recipe1.ezmember.co.kr/cache/recipe/2024/07/23/38b7767fc978d6a61277c3b2c4eccbce1.jpg,한식,[재료] 소고기 200g | 콩나물 크게 1 줌 | 청량고추 1개 | 대파 1/2 줄 | 양파 1/2개 | 당근 조금 [양념] 진간장 2 T | 굴소스 1 T | 고추가루 3 T | 들기름 2 T | 마늘 1 T | 설탕 1 T | 맛T 1 T | 후추 톡
7029278,청경채감자국,끓이기,일상,채소류,국/탕,[재료] 감자 450g | 청경채 300g | 대파 40g | 멸치육수 1.5 L | 들기름 22.5g | 된장 22.5g | 국간장 7.5g | 들깨가루 30.0g | 소금 0.5g,"5인분",5,초급,"30분이내",30,https://recipe1.ezmember.co.kr/cache/recipe/2024/06/28/1920babcaa8ea0966a177235ecfd74721.jpg,한식,[재료] 감자 3개 | 청경채 3개 | 대파 1/2개 | 멸치육수 1.5 L | 들기름 1.5 T | 된장 1.5 T | 국간장 0.5 T | 들깨가루 2 T | 소금 약간
7036644,우렁된장비빔밥,볶음,일상,채소류,밥/죽/떡,[재료] 밥 500g [표고버섯볶음] 표고버섯 150g | 다진 마늘 5.0g | 간장 15.0g | 설탕 5.0g | 맛술 5.0g | 참기름 5.0g | 다진 대파 80g | 식용유 15.0g [우렁이 된장] 우렁이 50g | 두부 150g | 된장 30.0g | 다시마국물 200ml | 다진 마늘 5.0g | 통깨 5.0g | 참기름 5.0g,"2인분",2,아무나,"30분이내",30,https://recipe1.ezmember.co.kr/cache/recipe/2024/10/17/5a27a326b2f0964adb61b3cf93f1a0331.jpg,한식,[재료] 밥 2 공기 [표고버섯볶음] 표고버섯 5개 | 다진 마늘 1t | 간장 1T | 설탕 1t | 맛T 1t | 참기름 1t | 다진 대파 1t | 식용유 1T [우렁이 된장] 우렁이 50g | 두부 1/2 모 | 된장 2T | 다시마국물 1 200g | 다진 마늘 1t | 통깨 1t | 참기름 1t
7041267,등갈비김치찌개,끓이기,일상,돼지고기,찌개,[재료] 등갈비 500g | 신 김치 520g | 양파 180g | 대파 25g | 김칫국물 45.0g | 고춧가루 15.0g | 두반장 15.0g | 설탕 15.0g | 믈 700ml | 통깨 0.5g [고기 삶기] 맛술 30.0g (& 소주) | 월계수잎 0.3g | 물 700ml,"4인분",4,아무나,"30분이내",30,https://recipe1.ezmember.co.kr/cache/recipe/2024/12/24/3a47208a991823b418ae1a601872c8fb1.jpg,한식,[재료] 등갈비 10개 | 신 김치 520g | 양파 90g | 대파 25g | 김칫국물 3T | 고춧가루 1T | 두반장 1T | 설탕 1T | 믈 700ml | 통깨 약간 [고기 삶기] 맛T 2T (& 소주) | 월계수잎 2 장 | 물 700ml
7035569,소불고기,볶음,일상,소고기,메인반찬,[재료] 소고기 불고기용 600g | 양파 100g | 대파 40g | 당근 50g | 팽이버섯 150g [양념 만들기] 간장 90.0g | 설탕 30.0g | 생강즙 15.0g | 물엿 30.0g | 다진마늘 30.0g | 참기름 30.0g | 후추 0.5g,"4인분",4,초급,"30분이내",30,https://recipe1.ezmember.co.kr/cache/recipe/2024/09/30/8267b0be3fdb52cef3632a5f23066b0a1.jpg,한식,[재료] 소고기 불고기용 600g | 양파 1/2개 | 대파 1/2대 | 당근 1/3개 | 팽이버섯 1 봉 [양념 만들기] 간장 6T | 설탕 2T | 생강즙 1T | 물엿 2T | 다진마늘 2T | 참기름 2T | 후추 소량
7035693,애호박고추장찌개,끓이기,일상,채소류,국/탕,[재료] 돼지고기 앞다리살 400g | 애호박 180g | 양파 60g | 대파 40g | 당근 50g | 청양고추 10g | 홍고추 15g [양념] 식용유 60.0g | 맛술 30.0g | 다진마늘 15.0g | 고춧가루 75.0g | 물 1.2 L | 고추장 12.0g | 다시마 15.0g | 멸치액젓 75.0g | 소금 0.5g (부족한 간) | 후추 0.5g,"4인분",4,초급,"30분이내",30,https://recipe1.ezmember.co.kr/cache/recipe/2024/09/30/9f493522324ce6624b6e4e5d273bbfc71.jpg,한식,[재료] 돼지고기 앞다리살 400g | 애호박 1개 | 양파 1/3개 | 대파 1/2대 | 당근 1/3개 | 청양고추 1개 | 홍고추 1개 [양념] 식용유 4~5 숟가락 | 맛T 2 숟가락 | 다진마늘 1 숟가락 | 고춧가루 5 숟가락 | 물 1.2 L | 고추장 0.8 숟가락 | 다시마 1 숟가락 | 멸치액젓 5 숟가락 | 소금 약간 (부족한 간) | 후추 톡톡
7025193,얼큰소고기무국,끓이기,일상,소고기,국/탕,[재료] 소고기 사태 500g | 무 100g | 대파 160g | 통후추 15g [양념] 고춧가루 30.0g | 다진마늘 15.0g | 멸치액젓 45.0g | 물 1.5 L,"5인분",5,초급,"60분이내",60,https://recipe1.ezmember.co.kr/cache/recipe/2024/04/25/b1a9f694e07b506e89369f3a696b4f701.jpg,한식,[재료] 소고기 사태 500g | 무 1/5개 | 대파 2대 | 통후추 10알 [양념] 고춧가루 2 T | 다진마늘 1 T | 멸치액젓 3 T | 물 1.5 L
7018038,들깨감자국,끓이기,명절,곡류,국/탕,[재료] 감자 500g | 애호박 45g | 부추 30g | 홍고추 8g | 코인 육수 4g | 물 1.2 L [옹심이 만들기] 물 100ml | 전분가루 15.0g | 소금 0.5g [들깨 감자국 양념] 국간장 30.0g | 들깨가루 30.0g | 소금 0.5g,"2인분",2,초급,"60분이내",60,https://recipe1.ezmember.co.kr/cache/recipe/2024/01/18/17a09324bb02055a5e51d166809788cc1.jpg,한식,[재료] 감자 小 5개 | 애호박 1/4개 | 부추 30g | 홍고추 1/2개 | 코인 육수 2개 | 물 1.2 L [옹심이 만들기] 물 100ml | 전분가루 1 T | 소금 약간 [들깨 감자국 양념] 국간장 2 T | 들깨가루 2 T | 소금 약간
7023389,쭈삼불고기,볶음,술안주,해물류,메인반찬,[재료] 주꾸미 500g | 삼겹살 200g | 깻잎 30g | 양파 100g | 청양고추 20g | 홍고추 15g | 대파 80g | 당근 0.5g [쭈꾸미손질] 밀가루 2g | 생강가루 0.5g  [양념] 진간장 30.0g  | 굴 소스 15.0g  | 고춧가루 30.0g  | 고추장 15.0g  | 물엿 30.0g  | 맛술 30.0g  | 설탕 15.0g  | 다진 마늘 15.0g  | 참기름 15.0g  | 후춧가루 0.5g ,"3인분",3,중급,"60분이내",60,https://recipe1.ezmember.co.kr/cache/recipe/2024/04/01/d169a48759aa80cea125b93aede40ff21.jpg,한식,[재료] 주꾸미 500g | 삼겹살 200g | 깻잎 10 장 | 양파 1/2개 | 청양고추 2개 | 홍고추 1개 | 대파 1대 | 당근 약간 [쭈꾸미손질] 밀가루 2  | 생강가루 약간  [양념] 진간장 2  | 굴 소스 1  | 고춧가루 2  | 고추장 1  | 물엿 2  | 맛T 2  | 설탕 1  | 다진 마늘 1  | 참기름 1  | 후춧가루 약간 
7039486,늙은호박된장국,끓이기,일상,채소류,국/탕,[재료] 늙은호박 250g | 양파 200g [양념] 물 600ml | 된장 15.0g | 대파 80g | 다진마늘 15.0g | 멸치 25g | 다시마 10g | 참치액 7.5g,"4인분",4,초급,"60분이내",60,https://recipe1.ezmember.co.kr/cache/recipe/2024/11/28/9c3600440b6e14efa5ca0e19413971751.jpg,한식,[재료] 늙은호박 1/4개 | 양파 1개 [양념] 물 600ml | 된장 1 T | 대파 1대 | 다진마늘 1 T | 멸치 10 마리 (비건이신분은 생략가능) | 다시마 8 조각 | 참치액 0.5 T
7035184,황태해장국,끓이기,초스피드,해물류,국/탕,[재료] 황태 10g | 계란 100g | 물 300ml | 다시마 2g | 대파 80g | 다진 마늘 30.0g | 국간장 30.0g | 까나리 액젓 30.0g | 후추 0.5g,"1인분",1,초급,"10분이내",10,https://recipe1.ezmember.co.kr/cache/recipe/2024/09/25/e93714654da4a96e69ab862ce504ca731.jpg,한식,[재료] 황태 7-8 조각 | 계란 2개 | 물 300ml | 다시마 1-2 조각 | 다진 대파 1 T | 다진 마늘 1/2 T | 국간장 1/2 T | 까나리 액젓 1/2 T | 후추 약간
7020165,나물볶음,볶음,일상,채소류,밑반찬,[재료] 건 피마자(아주까리나물) 90g | 다시마 10g | 물 100ml [양념] 간 마늘 15.0g | 국간장 30.0g | 맛술 30.0g | 들기름 30.0g | 깨소금 30.0g | 참기름 15.0g | 통깨 15.0g,"6인분이상",6,초급,"15분이내",15,https://recipe1.ezmember.co.kr/cache/recipe/2024/02/16/bffc86a4baf916aecf8dba99ae91d7881.jpg,한식,[재료] 건 피마자(아주까리나물) 90g | 다시마 우린 물 3T [양념] 간 마늘 1T | 국간장 2T | 맛T 2T | 들기름 2T | 깨소금 2T | 참기름 1T | 통깨 1T
7029466,우삼겹된장찌개,끓이기,일상,소고기,찌개,[재료] 우삼겹 100g | 집된장 22.5g (가득) | 육수 200ml | 양파 100g | 애호박 60g | 팽이버섯 150g | 두부 150g | 청양고추 10g | 고추가루 7.5g | 액젓 15.0g,"4인분",4,초급,"15분이내",15,https://recipe1.ezmember.co.kr/cache/recipe/2024/06/30/8c5b65c23212344ff605aea2779528a21.jpg,한식,[재료] 우삼겹 100g | 집된장 1.5 T (가득) | 육수 2 200g | 양파 1/2개 | 애호박 1/3개 | 팽이버섯 1 봉 | 두부 1/2 모 | 청양고추 1개 | 고추가루 0.5 T | 액젓 1 T
7028595,애호박찌개,끓이기,일상,돼지고기,찌개,[재료] 돼지고기 400g | 애호박 180g | 양파 100g | 당근 38g | 청양고추 20g | 대파 80g | 건새우 10g (생략) | 물 800ml | 코인육수 4g [양념] 다진마늘 15.0g | 후추 10g  | 맛술 30.0g (미림) | 고춧가루 45.0g | 새우젓 15.0g | 국간장 15.0g | 참치액젓 15.0g,"2인분",2,중급,"60분이내",60,https://recipe1.ezmember.co.kr/cache/recipe/2024/06/18/149711f02684855bb856b4c3c4d035c61.jpg,한식,[재료] 돼지고기 400g | 애호박 1개 | 양파 1/2개 | 당근 1/4개 | 청양고추 2개 | 대파 1대 | 건새우 4개 (생략) | 물 800g | 코인육수 1개 [양념] 다진마늘 1 T | 후추 1/2  | 맛T 2 T (미림) | 고춧가루 3 T | 새우젓 1 T | 국간장 1 T | 참치액젓 1 T
7033228,불고기퀘사디아,굽기,일상,소고기,양식,[재료] 엑스트라버진올리브오일 45.0g  | 소금 0.5g  | 후추가루 0.2g  | 이탈리안허브 0.5g  | 노란 파프리카 90g (채썬) | 빨간 파프리카 80g (채썬) | 라카나스타 통밀또띠아 100g | 소불고기 150g  (시판 코스트코 제품)  | 파마산치즈 15g,"3인분",3,아무나,"60분이내",60,https://recipe1.ezmember.co.kr/cache/recipe/2024/08/26/6efa77df3b2327112bf04c9bf728f2c51.jpg,한식,[재료] 엑스트라버진올리브오일  | 소금  | 후추가루  | 이탈리안허브  | 노란 파프리카 90g (채썬) | 빨간 파프리카 80g (채썬) | 라카나스타 통밀또띠아 4 장 | 소불고기  (시판 코스트코 제품) | 시리오찹드토마토위드바질  | 파마산치즈  (갈은)
7033863,바지락순두부찌개,끓이기,일상,해물류,찌개,[재료] 순두부 700g | 바지락 500g | 계란 150g | 대파 80g | 식용유 45.0g | 고춧가루 45.0g | 소금 30.0g | 설탕 10.0g | 굴소스 15.0g | 버섯 40g | 청양고추 20g | 국간장 30.0g,"6인분이상",6,초급,"30분이내",30,https://recipe1.ezmember.co.kr/cache/recipe/2024/09/05/e511d2d51aade7b523cd778e421cc1071.jpg,한식,[재료] 순두부 2개 | 바지락 500g | 계란 3개 | 대파 1 뿌리 | 식용유 3 T | 고춧가루 2-3 T | 소금 1/2 T | 설탕 1/2 t | 굴소스 1 T | 버섯 1-2 줌 | 청양고추 1-2개 | 국간장 2 T
7034727,국물제육,끓이기,일상,돼지고기,메인반찬,[재료] 양파 100g | 대파 80g | 당면 150g | 돼지고기 앞다리살 500g [양념] 물 500ml | 다진 마늘 15.0g | 진간장 90.0g | 굵은 고춧가루 60.0g | 설탕 22.5g | 쌈장 15.0g,"2인분",2,아무나,"30분이내",30,https://recipe1.ezmember.co.kr/cache/recipe/2024/09/15/296f3c2aee3384408e5c10cc8a50a7fb1.jpg,한식,[재료] 양파 1/2개 | 대파 1대 | 당면 150g | 돼지고기 앞다리살 500g [양념] 물 500ml | 다진 마늘 1 숟가락 | 진간장 6 숟가락 | 굵은 고춧가루 4 숟가락 | 설탕 1.5 숟가락 | 쌈장 1 숟가락
7035925,강된장,끓이기,일상,채소류,김치/젓갈/장류,[재료] 호박잎 150g | 포도씨유 30.0g | 양파 200g (소) | 대파 40g | 팽이버섯 30g | 무 20g | 설탕 30.0g | 된장 45.0g | 고추장 30.0g | 고춧가루 15.0g | 다진마늘 15.0g | 청양고추 10g | 우렁 150g | 두부 150g,"2인분",2,아무나,"30분이내",30,https://recipe1.ezmember.co.kr/cache/recipe/2024/10/07/3f43fde38992d54df3f2f3a656cefce81.jpg,한식,[재료] 호박잎 150g | 포도씨유 2 T | 양파 1개 (소) | 대파 1/2대 | 팽이버섯 1개 | 무 1/5 조각 | 설탕 1/2 T | 된장 3 T | 고추장 1/2 T | 고춧가루 1 T | 다진마늘 1 T | 청양고추 1개 | 우렁 150g | 두부 1/2 모
7020156,소불고기전골,끓이기,손님접대,소고기,메인반찬,[재료] 불고기용 소고기 600g | 당면 40g | 당근 40g | 알배추 150g | 양파 200g | 표고버섯 60g | 만가닥버섯 40g [불고기 양념] 간장 150.0g | 설탕 60.0g | 올리고당 60.0g | 맛술 45.0g | 다진마늘 30.0g | 갈아만든배 200ml [전골 추가 양념] 육수 900ml | 국간장 30.0g | 멸치액젓 30.0g | 매실액 15.0g | 후추 0.5g,"3인분",3,아무나,"60분이내",60,https://recipe1.ezmember.co.kr/cache/recipe/2024/02/16/d6383867fe7740bf6e5af8b7d5a1e7a61.jpg,한식,[기본재료] 불고기용 소고기 600g | 당면 40g | 당근 40g | 알배추 150g | 양파 1개 | 표고버섯 2개 | 만가닥버섯 1 봉 [불고기 양념] 간장 10T | 설탕 4T | 올리고당 4T | 맛T 3T | 다진마늘 2T | 갈아만든배 2/3 200g [전골 추가 양념] 육수 900ml | 국간장 2T | 멸치액젓 2T | 매실액 1T | 후추 조금
7029437,버섯불고기전골,끓이기,일상,소고기,메인반찬,[재료] 소고기 불고깃감 600g [양념재료] 다진마늘 15.0g | 설탕 30.0g | 올리고당 45.0g | 간장 90.0g | 참치액 30.0g | 맛술 30.0g | 매실액 30.0g | 참기름 30.0g | 후춧가루 0.5g [끓일때] 불고기 재운것 300g | 물 180ml | 대파 40g | 양파 100g | 당근 작은 것 20g | 표고버섯 60g | 팽이버섯 70g,"4인분",4,초급,"30분이내",30,https://recipe1.ezmember.co.kr/cache/recipe/2024/07/01/9a84f28d69163b8f1220312de2b627621.jpg,한식,[재료] 소고기 불고깃감 600g [양념재료] 다진마늘 1 T | 설탕 2 T | 올리고당 3 T | 간장 6 T | 참치액 2 T | 맛T 2 T | 매실액 2 T | 참기름 2 T | 후춧가루 약간 [끓일때] 불고기 재운것 300g | 물 180ml | 대파 1/2대 | 양파 1/2개 | 당근 작은 것 1/3개 | 표고버섯 2개 | 팽이버섯 1/2 봉지
7040151,무굴국밥,끓이기,영양식,해물류,국/탕,[재료] 생굴 300g | 무 100g | 콩나물 100g | 두부 150g | 대파 40g | 청홍 고추 15g | 부추 30g | 멸치육수 1.2 L [양념] 참기름 15.0g | 다진마늘 15.0g | 맛술 15.0g | 새우젓 30.0g | 참치액 15.0g | 소금 0.5g | 후추 0.5g  [굴 세척시] 소금 30.0g,"4인분",4,아무나,"30분이내",30,https://recipe1.ezmember.co.kr/cache/recipe/2024/12/08/616416a6dfbdf6816a8126a626a9d23a1.jpg,한식,[재료] 생굴 300g | 무 100g | 콩나물 100g | 두부 1/2 모 | 대파 1/2대 | 청홍 고추 1개 | 부추 1/2 줌 | 멸치육수 1.2 L [양념] 참기름 1 T | 다진마늘 1 T | 맛T 1 T | 새우젓 1/2 T | 참치액 1 T | 소금  | 후추  [굴 세척시] 소금 1/2 T
7022760,양배추국,끓이기,일상,채소류,국/탕,[재료] 양배추 100g | 새송이버섯 15g | 청양고추 10g | 대파 25g | 계란 100g [양념재료] 된장 30.0g | 참치액 15.0g | 참기름 5.0g | 소금 1.5g | 다진마늘 30.0g,"3인분",3,아무나,"10분이내",10,https://recipe1.ezmember.co.kr/cache/recipe/2024/03/22/a3a0eac8dcc639543f9522c004f6fe091.jpg,한식,[재료] 양배추 100g | 새송이버섯 1/2개 | 청양고추 1개 | 대파 1/3대 | 계란 2개 [양념재료] 된장 1/2T | 참치액 1T | 참기름 1t | 소금 1.5g | 다진마늘 1/2T
7036605,돼지고기간장불고기,볶음,일상,돼지고기,메인반찬,[재료] 돼지고기 앞다리살 315g | 대파 30g | 올리브오일 15.0g | 참기름 7.5g | 통깨 5g [돼지 간장불고기 양념] 다진 마늘 15.0g | 진간장 30.0g | 맛술 미림 30.0g | 올리고당 22.5g | 설탕 7.5g |  후추 0.5g,"2인분",2,아무나,"30분이내",30,https://recipe1.ezmember.co.kr/cache/recipe/2024/10/17/e08f15d9090ef3056b4e238e915d96581.jpg,한식,[재료] 돼지고기 앞다리살 315g | 대파 32g | 올리브오일 1T | 참기름 0.5T | 통깨 솔솔솔 [돼지 간장불고기 양념] 다진 마늘 0.8~1T | 진간장 2~2.3T | 맛T 미림 2T | 올리고당 1.5T | 설탕 0.5T | 노두유 0.5~0.7T (옵션) | 후추 톡톡톡
7024387,돼지고기고추장찌개,끓이기,영양식,돼지고기,찌개,[재료] 돼지 앞다리살 200g | 감자 270g | 두부 200g | 양파 180g | 묵은지 110g | 대파 10g | 홍고추 15g | 사골육수 500ml | 물 150ml | 후추 0.5g [양념] 고추장 22.5g | 참치액 15.0g | 들기름 30.0g | 다진마늘 30.0g | 다진생강 5.0g | 맛술 30.0g | 새우젓 5.0g | 소금 6.0g,"4인분",4,초급,"30분이내",30,https://recipe1.ezmember.co.kr/cache/recipe/2024/04/15/1ff9e3681afee24875dab7a55262eea81.jpg,한식,[재료] 돼지 앞다리살 200g | 감자 270g | 두부 200g | 양파 90g | 묵은지 110g | 어슷썬대파 3T | 홍고추 1개 | 사골육수 500ml | 물 150ml | 후추 톡톡 [양념] 고추장 1.5T | 참치액 1T | 들기름 2T | 다진마늘 2T | 다진생강 1t | 맛T 2T | 새우젓 1t | 소금 0.4T
7032884,시금치된장국,끓이기,일상,채소류,국/탕,[재료] 시금치 250g | 물 800ml (육수) | 된장 30.0g | 고추장 15.0g | 고춧가루 5.0g | 파 20g,"4인분",4,초급,"15분이내",15,https://recipe1.ezmember.co.kr/cache/recipe/2024/08/20/39d9759369f0721c43f1cf21b2fda54e1.jpg,한식,[재료] 시금치 1 단 | 물 800ml (육수) | 된장 2 T | 고추장 1 T | 고춧가루 1 t | 파 1 움큼
7017555,콩나물볶음,볶음,일상,채소류,밑반찬,[재료] 콩나물 250g | 당근 190g | 고춧가루 15.0g | 식용유 15.0g | 다진 마늘 30.0g | 액젓 15.0g | 소금 2 티T | 참기름 7g | 설탕 15.0g | 통깨 0.5g,"3인분",3,아무나,"10분이내",10,https://recipe1.ezmember.co.kr/cache/recipe/2024/01/11/ef0026f8cda6b2c8772b8850bf5eff6a1.jpg,한식,[재료] 콩나물 250g | 당근 1개 190g | 고춧가루 1 숟갈 | 식용유 1 숟갈 | 다진 마늘 2 숟갈 | 액젓 1 숟갈 | 소금 1/2 티T | 참기름 1 숟갈 | 설탕 1 티T | 통깨 조금
7038670,콩나물불고기,볶음,손님접대,돼지고기,메인반찬,[재료] 콩나물 300g | 대패삼겹살 300g | 양파 100g | 대파 80g | 고추 30g | 미나리 30g (또는 깻잎) [양념 만들기] 고춧가루 30.0g | 고추장 30.0g | 맛술 30.0g | 간장 30.0g | 설탕 1.5~30.0g | 다진마늘 22.5g,"3인분",3,초급,"30분이내",30,https://recipe1.ezmember.co.kr/cache/recipe/2024/11/16/73caeca28cddb36c599f374062d6ef0d1.jpg,한식,[재료] 콩나물 300g | 대패삼겹살 300g | 양파 1/2개 | 대파 1대 | 고추 2개 | 미나리 1~2 줌 (또는 깻잎) [양념 만들기] 고춧가루 2T | 고추장 2T | 맛T 2T | 간장 2T | 설탕 1.5~2T | 다진마늘 1.5T
7021913,LA갈비,굽기,손님접대,소고기,메인반찬,[재료] 냉동 LA갈비 1000g | 소갈비양념 500g | 당근 150g | 대파 80g | 청양고추 20g | 가래떡 200g | 생수 100ml,"5인분",5,초급,"60분이내",60,https://recipe1.ezmember.co.kr/cache/recipe/2024/03/11/d8d485611b2d7a2a054b31a2b4a267f61.jpg,한식,[재료] 냉동 LA갈비 1kg | 소갈비양념 1 병 | 당근 1개 | 대파 1 뿌리 | 청양고추 2개 | 가래떡 3 줄 | 생수 100ml
7035717,콩나물불고기,볶음,일상,돼지고기,메인반찬,[재료] 대패삼겹살 450g | 콩나물 300g | 양파 100g | 대파 80g | 팽이버섯 2 봉지 | 전분물 30.0g | 청양고추 10g (선택) [양념] 고추장 30.0g | 고춧가루 45.0g | 진간장 30.0g | 참치액 30.0g | 맛술 30.0g | 매실액 15.0g | 올리고당 15.0g | 후춧가루 5.0g,"4인분",4,중급,"60분이내",60,https://recipe1.ezmember.co.kr/cache/recipe/2024/10/02/0fb7f00417de7bf7cbc5c4efbcc5fd4b1.jpg,한식,[재료] 대패삼겹살 450g | 콩나물 300g | 양파 1/2개 | 대파 1대 | 팽이버섯 1/2 봉지 | 전분물 2 T | 청양고추 1개 (선택) [양념] 고추장 2 T | 고춧가루 3 T | 진간장 2 T | 참치액 1/2 T | 맛T 2 T | 매실액 1 T | 올리고당 1 T | 후춧가루 1 t
7038099,시금치유부된장국,끓이기,일상,채소류,국/탕,[재료] 시금치 250g | 냉동 유부 150g | 멸치육수 1.2 L [양념] 된장 30.0g | 다진마늘 15.0g | 참치액 15.0g | 고춧가루  0.5g,"4인분",4,아무나,"15분이내",15,https://recipe1.ezmember.co.kr/cache/recipe/2024/11/07/60d72b2e91408cabe57c504d099ad91e1.jpg,한식,[재료] 시금치 1 단 (200g) | 냉동 유부 5 장 | 멸치육수 1.2 L [양념] 된장 2 T | 다진마늘 1 T | 참치액 1 T | 고춧가루  (선택)
7019641,무나물,볶음,일상,채소류,밑반찬,[재료] 무 300g | 양파 200g | 물 500ml | 파 15g | 다시마 4g  | 들깨가루 5g  | 소금 0.5g,"2인분",2,초급,"60분이내",60,https://recipe1.ezmember.co.kr/cache/recipe/2024/02/08/dc8017917cf754c2e0b190dd4236f7471.jpg,한식,[재료] 무 300g | 양파 100g | 물 500ml | 다진 쪽파 1 줌 | 다시마 4 쪽 | 들깨가루  | 소금 약간
7019036,오이나물볶음,볶음,일상,채소류,메인반찬,[재료] 오이 260g | 간마늘 10.0g | 설탕 0.5g | 당근 38g | 통깨 5.0g | 대파 15g,"4인분",4,아무나,"10분이내",10,https://recipe1.ezmember.co.kr/cache/recipe/2024/02/01/2d216fee749e43c345db12f18a981dfd1.jpg,한식,[재료] 오이 2개 | 간마늘 1/2 t | 설탕 0.5g | 당근 1/4개 | 통깨 1 t | 파 1 움큼
7027163,맑은콩나물국,끓이기,초스피드,채소류,국/탕,[재료] 콩나물 500g | 대파 0.5g | 홍고추 15g (청양) [양념] 맛소금 15.0g (가는소금) | 참치액 15.0g,"5인분",5,아무나,"15분이내",15,https://recipe1.ezmember.co.kr/cache/recipe/2024/05/27/878b887da2b2603c2ea28f62bf2450341.jpg,한식,[재료] 콩나물 300~500g | 대파 조금 | 홍고추 2개 (청양) [양념] 맛소금 1 티T (가는소금) | 참치액 1T
7017135,고사리나물볶음,볶음,일상,채소류,메인반찬,[재료] 고사리 400g | 간장 30.0g | 설탕 0.5g | 후추 0.5g | 간마늘 15.0g | 대파 15g | 참기름 15.0g | 통깨 15.0g,"4인분",4,아무나,"10분이내",10,https://recipe1.ezmember.co.kr/cache/recipe/2024/01/05/cd3a966d18060a5bac35ee1186cefbb31.jpg,한식,[재료] 고사리 400g | 간장 2 T | 설탕 0.5g | 후추 0.5g | 간마늘 1 T | 파 1 움큼 | 참기름 1 T | 통깨 1 T
7035137,김치콩나물국,끓이기,일상,채소류,국/탕,[재료] 콩나물 300g | 신김치 200g | 두부 150g | 대파 15g | 물 1.2 L | 코인육수 8g | 김치국물 45.0g | 참치액 15.0g | 국간장 15.0g | 고춧가루 30.0g | 소금 0.5g,"3인분",3,초급,"30분이내",30,https://recipe1.ezmember.co.kr/cache/recipe/2024/09/19/abd27f3977fa98e486cb1ac2f59379ab1.jpg,한식,[재료] 콩나물 300g | 신김치 1 200g | 두부 1/2 모 | 쏭쏭 썬 대파 2 숟가락 | 물 1.2 L | 코인육수 2개 | 김치국물 3 숟가락 | 참치액 1 숟가락 | 국간장 1 숟가락 | 고춧가루 1/2 숟가락 | 소금 약간
7034550,소갈비찜,끓이기,명절,소고기,메인반찬,[재료] 소갈비 1000.0g | 무 200g | 양파 100g | 당근 50g | 대파 80g | 홍고추 15g | 물만두 700ml [양념] 편생강 10g  | 배 200g | 양파 100g | 다진마늘 30.0g | 설탕 15.0g | 올리고당 30.0g | 맛술 30.0g | 간장 150.0g | 후추 1g  [핏물 뺄 때 ] 설탕 15.0g [데칠 때 ] 월계수잎 2g | 통후추 2g,"4인분",4,아무나,"2시간이내",2,https://recipe1.ezmember.co.kr/cache/recipe/2024/09/15/a60fb7f2f9274699ddc73e6568e382611.jpg,한식,[재료] 소갈비 1kg | 무 200g | 양파 1/2개 | 당근 1/3개 | 대파 1대 | 청 홍고추 1개 | 물만두 700ml [양념] 편생강 1 쪽 | 배 1/2개 | 양파 1/2개 | 다진마늘 2 T | 설탕 1 T | 올리고당 2 T | 맛T 2 T | 간장 10 T | 후추  [핏물 뺄 때 ] 설탕 1 T [데칠 때 ] 월계수잎 2 장 | 통후추 10알
7041094,닭가슴살미역국,끓이기,일상,닭고기,국/탕,[재료] 닭가슴살 200g | 건미역 20g [양념] 참기름 30.0g | 다진 마늘 15.0g | 국간장 30.0g | 멸치액젓 30.0g | 소금 0.5g [닭가슴살 삶기] 물 1.5 L | 월계수잎 2g | 통후추 2g,"4인분",4,아무나,"60분이내",60,https://recipe1.ezmember.co.kr/cache/recipe/2024/12/23/fb47130287740ac3101f4461b865c1461.jpg,한식,[재료] 닭가슴살 2개 | 건미역 15~20g [양념] 참기름 2 T | 다진 마늘 1 T | 국간장 2 T | 멸치액젓 2 T | 소금 약간 [닭가슴살 삶기] 물 1.5 L | 월계수잎 2 장 | 통후추 1/2 T
7032723,묵은지등갈비김치찜,끓이기,일상,돼지고기,메인반찬,[재료] 묵은지 250g | 삶은 돼지등갈비 1000.0g | 청양고추 30g | 양파 200g | 대파 80g | 다진마늘 15.0g | 동전육수 1개 [양념] 고춧가루 15.0g | 된장 30.0g | 설탕 30.0g | 물 600ml,"4인분",4,아무나,"30분이내",30,https://recipe1.ezmember.co.kr/cache/recipe/2024/08/17/f612164d1ca8d0a5b5f10695182814981.jpg,한식,[재료] 묵은지 1/2 포기 | 삶은 돼지등갈비 1000g | 청양고추 3개 | 양파 1개 | 대파 20 cm | 다진마늘 1 T | 동전육수 1개 [양념] 고춧가루 1 T | 된장 1/2 T | 설탕 1/2 T | 물 600ml
7037818,어묵김치찌개,끓이기,초스피드,채소류,찌개,[재료] 어묵 200g | 김치 300ml | 참치캔 85g | 청양고추 10g | 홍고추 15g | 대파 40g | 물 400ml | 김치국물 70ml | 참치액 15.0g | 후춧가루 0.5g,"4인분",4,초급,"15분이내",15,https://recipe1.ezmember.co.kr/cache/recipe/2024/11/04/93fff19f3f6ef702607bdc67d528d4481.jpg,한식,[재료] 어묵 6개 | 김치 300ml | 참치캔 85g | 청양고추 1개 | 홍고추 1개 | 대파 1/2대 | 물 400ml | 김치국물 70ml | 참치액 1 T | 후춧가루 3 톡
7021189,굴떡국,끓이기,일상,해물류,국/탕,[재료] 떡국떡 400g | 생굴 250g | 건조 매생이 블럭 5g | 참치액 45.0g | 양조간장 30.0g | 다진마늘 15.0g | 물 900ml,"2인분",2,중급,"30분이내",30,https://recipe1.ezmember.co.kr/cache/recipe/2024/03/02/5f10a11fd9ea60f9f35b1b4cdd967de01.jpg,한식,[재료] 떡국떡 2 인분 | 생굴 250g | 건조 매생이 블럭 2개 | 참치액 3 T | 양조간장 2 T | 다진마늘 1 T | 물 900ml
7030493,삼겹살표고버섯고추잡채,볶음,일상,돼지고기,메인반찬,[재료] 삼겹살 300g | 표고버섯 150g | 고추 30g | 양파 100g | 다진마늘 15.0g | 식용유 45.0g | 굴소스 30.0g | 진간장 15.0g | 통깨 8g,"4인분",4,초급,"30분이내",30,https://recipe1.ezmember.co.kr/cache/recipe/2024/07/10/e825317248a8bb538f9f10e5c568087b1.jpg,한식,[재료] 삼겹살 300g | 표고버섯 5개 | 고추 2개 | 양파 1/2개 | 다진마늘 1 T | 식용유 3 T | 굴소스 2 T | 진간장 1 T | 통깨
7018007,얼갈이배추된장국,끓이기,일상,채소류,국/탕,[재료] 얼갈이 데친 것 250g | 표고버섯 90g | 두부 160g | 대파 80g | 청양고추 20g | 홍고추 15g [양념] 된장 30.0g | 다진 마늘 10.5g [육수] 멸치 10g  | 디포리 10g  | 건표고버섯 10g  | 다시마 8g  | 대파 40g  | 물 1.4 L,"4인분",4,아무나,"15분이내",15,https://recipe1.ezmember.co.kr/cache/recipe/2024/01/18/98e51fb6c150258feba1c51ba806ecfa1.jpg,한식,[재료] 얼갈이 데친 것 250g | 표고버섯 3개 | 두부 160g | 대파 흰 부분 15 cm | 청양고추 2개 | 홍고추 1개 [양념] 된장 2 T | 다진 마늘 0.7 T [육수] 멸치  | 디포리  | 건표고버섯  | 다시마  | 대파  | 물 1.4 L
7029930,삼겹살김치찌개,끓이기,일상,돼지고기,찌개,[재료] 김치 700g | 삼겹살 200g | 두부 300g | 대파 80g | 청양고추 10g | 물 800ml [김치찌개양념] 다진 마늘 15.0g | 참기름 22.5g | 맛술 22.5g | 고춧가루 15.0g | 진간장 45.0g | 물엿 22.5g,"4인분",4,중급,"30분이내",30,https://recipe1.ezmember.co.kr/cache/recipe/2024/07/08/08026de4b155d3f665c90f5e19206f721.jpg,한식,[재료] 김치 700g | 삼겹살 200g | 두부 1 모 | 대파 1대 | 청양고추 1개 | 물 800ml [김치찌개양념] 다진 마늘 1 T | 참기름 1.5 T | 맛T 1.5 T | 고춧가루 1 T | 진간장 3 T | 물엿 1.5 T
7034206,잡채,볶음,명절,돼지고기,면/만두,[재료] 당면 300g | 돼지고기 잡채용 300g (또는소고기) | 당근 50g | 부추 40g | 양파 200g | 느타리버섯 200g [고기밑간재료] 진간장 30.0g | 맛술 15.0g | 참기름 15.0g | 다진마늘 15.0g | 후추 0.5g [양념재료] 진간장 60.0g (60ml) | 설탕 30.0g | 식용유 30.0g | 참기름 15.0g | 물엿 22.5g | 참치액 5.0g | 후추 0.5g,"4인분",4,아무나,"30분이내",30,https://recipe1.ezmember.co.kr/cache/recipe/2024/09/10/e8ca38730d15ef589c2a930e84e364ba1.jpg,한식,[재료] 당면 300g | 돼지고기 잡채용 300g (또는소고기) | 당근 1/3개 | 부추 40g | 양파 1개 | 느타리버섯 1 덩이 [고기밑간재료] 진간장 2T | 맛T 1T | 참기름 1T | 다진마늘 1T | 후추 톡톡톡 [양념재료] 진간장 4T (60ml) | 설탕 2T | 식용유 2T | 참기름 1T | 물엿 1.5T | 참치액 1t | 후추 톡톡
7026212,잡채,볶음,일상,채소류,면/만두,[재료] 콩나물 150g | 당면 100g | 부추 30g | 양파 100g | 당근 75g | 식용유 30.0g  | 참기름 15.0g  | 통깨 15.0g  [콩나물 잡채 양념] 진간장 60.0g  | 굴 소스 15.0g  | 흑설탕 15.0g (흰 설탕) | 맛술 15.0g  | 다진 마늘 7.5g  [콩나물 데치기] 소금 7.5g,"4인분",4,초급,"60분이내",60,https://recipe1.ezmember.co.kr/cache/recipe/2024/05/13/346fa37653afd0c1c98eadac21366ec71.jpg,한식,[재료] 콩나물 1 봉지 | 당면 100g | 부추 1 줌 | 양파 1/2개 | 당근 1/2개 | 식용유 2  | 참기름 1  | 통깨 1  [콩나물 잡채 양념] 진간장 4  | 굴 소스 1  | 흑설탕 1 (흰 설탕) | 맛T 1  | 다진 마늘 0.5  [콩나물 데치기] 소금 0.5
7040811,백김치볶음밥,볶음,일상,채소류,밥/죽/떡,[재료] 즉석밥 210g | 익은 백김치 100g | 대파 40g | 당근 20g | 애호박 20g | 청양고추 20g | 빨강 파프리카 15g | 식용유 0.5g [양념] 된장 4.5g | 황설탕 15.0g | 진간장 15.0g | 참기름 7.5g | 깨소금 7.5g | 후추 0.5g,"1인분",1,초급,"15분이내",15,https://recipe1.ezmember.co.kr/cache/recipe/2024/12/18/3acfb1412b9e0e752b340fa24b61b0681.jpg,한식,[재료] 즉석밥 1개 | 익은 백김치 8 잎 | 대파 1/2개 | 당근 20g | 애호박 20g | 청양고추 2개 | 빨강 파프리카 15g | 식용유 약간 [양념] 된장 0.3 T | 황설탕 1 티T | 진간장 1 T | 참기름 0.5 T | 깨소금 0.5 T | 후추 약간
7034663,등갈비김치찜,끓이기,일상,돼지고기,메인반찬,[재료] 등갈비 600ml | 신김치 125g | 물 500ml | 대파 40g | 양파 100g | 코인육수 8g | 고춧가루 15.0g | 김치국물 50ml | 설탕 7.5g | 참치액 15.0g | 월계수잎 3g,"4인분",4,아무나,"30분이내",30,https://recipe1.ezmember.co.kr/cache/recipe/2024/09/16/977df585741a5dfd6b0c01e7c3220fbf1.jpg,한식,[재료] 등갈비 600ml | 신김치 1/4 포기 | 물 500ml | 대파 1/2대 | 양파 1/2개 | 코인육수 2개 | 고춧가루 1T | 김치국물 50ml | 설탕 0.5T | 참치액 1T | 월계수잎 3 장
7023835,배추된장국,끓이기,일상,채소류,국/탕,[재료] 배춧잎 100g | 날콩가루 200g | 물 1 L | 대파 40g | 청양고추 10g | 된장 45.0g | 고추장 30.0g | 다진마늘 30.0g | 설탕 5.0g,"3인분",3,아무나,"30분이내",30,https://recipe1.ezmember.co.kr/cache/recipe/2024/04/07/9e3a784e2ef1e7fdc7a8c0f540cf158f1.jpg,한식,[재료] 배춧잎 10 장 | 날콩가루 1 200g | 물 1 L | 대파 1/2대 | 청양고추 1개 | 된장 3 T | 고추장 1/2 T | 다진마늘 1/2 T | 설탕 1 t
7040217,차돌쌀국수,끓이기,일상,소고기,면/만두,[재료] 쌀국수면 50g | 차돌박이 50g | 숙주 20g | 양파 20g | 육수 400ml (or 물) [양념] 국간장 7.5g | 참치액젓 7.5g | 참기름 30.0g | 소금 0.5g | 후추 0.2g,"1인분",1,아무나,"30분이내",30,https://recipe1.ezmember.co.kr/cache/recipe/2024/12/09/1c2da15a7211ed6f4ae06650322908ca1.jpg,동남아식,[재료] 쌀국수 2 인분 | 분말스프 1/2개 (육수용) | 차돌박이 100g | 숙주 100g | 고수잎 약간 | 레몬슬라이스 2 조각 | 다진 쪽파 2큰술 | 해선장 약간 | 물 3+3/4 컵 [양파절임] 양파 1개 | 식초 5큰술 | 설탕 3.5큰술 | 소금 1/2작은술 | 피시소스 1/2작은술
7034004,돼지고기김치찌개,끓이기,일상,돼지고기,찌개,[재료] 묵은지김치 167g | 돼지고기 앞다리살 500g | 동전육수 4g | 설탕 30.0g | 청양고추 10g | 대파 80g | 국간장 15.0g,"5인분",5,초급,"30분이내",30,https://recipe1.ezmember.co.kr/cache/recipe/2024/09/06/16eea3724723b77ff9c0d0f6ac947fa71.jpg,한식,[재료] 묵은지김치 1/3 포기 | 돼지고기 앞다리살 500g | 동전육수 1개 | 설탕 1/2 T | 청양고추 1개 | 대파 15 cm | 국간장 1 T
7021563,배추된장국,끓이기,초스피드,채소류,국/탕,[재료] 무 100g | 배춧잎 200g | 두부 150g | 된장 7g | 새우가루 45.0g | 다진 마늘 15.0g | 물 350ml,"3인분",3,아무나,"10분이내",10,https://recipe1.ezmember.co.kr/cache/recipe/2024/03/07/66360a5be4b8e25d1dcb79e84671b39d1.jpg,한식,[재료] 무 조금 | 배춧잎 2 장 | 두부 1/2 모 | 집 된장 1 숟갈 | 새우가루 1/3 숟갈 | 다진 마늘 1 숟갈 | 물 자작하게
7030013,닭갈비,볶음,일상,닭고기,메인반찬,[재료] 닭다리살 700g | 소주 30.0g (또는 청주) | 생강가루 10.0g | 후추 1g | 감자 300g | 떡 1 200g | 양파 100g | 양배추 100g | 깻잎 30g | 당근 50g | 대파 40g | 식용유 3~60.0g | 물 150ml [양념] 진간장 60.0g | 고추장 45.0g | 고춧가루 45.0g | 설탕 30.0g | 물엿 30.0g | 다진마늘 30.0g | 카레가루 15.0g | 소금 5.0g,"4인분",4,중급,"60분이내",60,https://recipe1.ezmember.co.kr/cache/recipe/2024/07/08/7c96482ec0f0dbdda544ebfd33d889581.jpg,한식,[재료] 닭다리살 700g | 소주 2T (또는 청주) | 생강가루 1/2t | 후추 1.5g | 감자 2개 | 떡 1 200g | 양파 1/2개 | 양배추 100g | 깻잎 8~10 장 | 당근 1/3개 | 대파 1/2대 | 식용유 3~4T | 물 150ml [양념] 진간장 4T | 고추장 3T | 고춧가루 3T | 설탕 2T | 물엿 2T | 다진마늘 2T | 카레가루 1T | 소금 1t
7030038,김치콩나물국,끓이기,일상,채소류,국/탕,[재료] 콩나물 200g | 김치 100g | 어묵 100g | 파 40g | 육수 1 L (물 사용시 코인육수 3~4알) [양념] 고춧가루 15.0g | 국간장 2~45.0g | 참치액 15.0g | 맛소금 30.0g,"3인분",3,아무나,"60분이내",60,https://recipe1.ezmember.co.kr/cache/recipe/2024/05/20/7f3cfcbb7e01b04cb40e65c93fbb71b31.jpg,한식,[재료] 콩나물 200g | 김치 3 장 (큰잎) | 어묵 2 장 | 파 1개 | 육수 1 L (물 사용시 코인육수 3~4알) [양념] 고춧가루 1T | 국간장 2~3T | 참치액 1T | 맛소금 1/2T
7023874,부침개,굽기,일상,채소류,밑반찬,[재료] 적채 200g | 양배추 100g | 소금 5.0g | 옥수수전분 60.0g,"1인분",1,아무나,"10분이내",10,https://recipe1.ezmember.co.kr/cache/recipe/2024/03/31/0863f24f74490f8df7aa1396e264a9d81.jpg,한식,[재료] 적채 200g | 양배추 100g | 소금 1 작은숟가락 | 옥수수전분 4 숟가락
7025163,무청시래기나물볶음,볶음,영양식,채소류,밑반찬,[재료] 시래기 300g | 간마늘 5.0g | 들기름 10.0g | 소금 5.0g | 통깨 0.5g | 파 0.5g | 고춧가루 5.0g,"4인분",4,초급,"15분이내",15,https://recipe1.ezmember.co.kr/cache/recipe/2024/04/25/aa8c429fa8bb3801dd22e9bc4d1c30741.jpg,한식,[재료] 시래기 300g | 간마늘 1 t | 들기름 2 t | 소금 1 t | 통깨 약간 | 파 약간 | 고춧가루 1 t
7021509,소고기무국,끓이기,일상,소고기,국/탕,[재료] 소고기 국거리용 300g | 무 400g | 대파 80g | 참기름 15.0g | 다진마늘 15.0g | 국간장 30.0g | 참치액 15.0g | 소금 45.0g | 후추 0.5g | 물 1.8 L,"4인분",4,아무나,"30분이내",30,https://recipe1.ezmember.co.kr/cache/recipe/2024/03/06/40ec4d8ab2deb42e5d1017c89db4fae51.jpg,한식,[재료] 소고기 국거리용 300g | 무 400g | 대파 1대 | 참기름 1 T | 다진마늘 1 T | 국간장 1/2 T | 참치액 1 T | 소금 1/3 T | 후추 약간 | 물 1.8 L
7026078,소고기미역국,끓이기,일상,소고기,국/탕,[재료] 양지 국거리 200g | 마른미역 10g | 참기름 30.0g | 국간장 30.0g | 소금 0.5g,"4인분",4,초급,"30분이내",30,https://recipe1.ezmember.co.kr/cache/recipe/2024/05/10/406e93ae5b95326f84a3ccb512dd8fb91.jpg,한식,[재료] 양지 국거리 200g | 마른미역 4 인분 | 참기름 2 T | 국간장 2 T | 소금 약간만
7023476,돼지고기김치두루치기,볶음,일상,돼지고기,메인반찬,[재료] 돼지고기 300g | 배추김치 50g  | 양파 100g | 대파 120g | 새송이버섯 60g | 청양고추 10g | 홍고추 15g [양념장] 고춧가루 15.0g | 고추장 30.0g | 진간장 15.0g | 물엿 15.0g | 맛술 30.0g | 키위 50g | 간마늘 15.0g | 참기름 15.0g [양념] 고춧가루 45.0g | 물엿 45.0g | 참기름 15.0g | 소주 75.0g | 식용유 45.0g | 후추 0.5g,"4인분",4,아무나,"30분이내",30,https://recipe1.ezmember.co.kr/cache/recipe/2022/05/04/77b7caec89ca609e9f82398c24c2a6551.jpg,한식,[재료] 돼지고기 300g | 배추김치 1/4 쪽 | 양파 1/2개 | 대파 1개 | 새송이버섯 2개 | 청양고추 1개 | 홍고추 1개 [양념장] 고춧가루 1 T | 고추장 2 T | 진간장 1 T | 물엿 1 T | 맛T 2 T | 키위 간거 2 T | 간마늘 1 T | 참기름 1 T [양념] 고춧가루 3 T | 물엿 3 T | 참기름 1 T | 소주 5 T | 식용유 3 T | 후추 약간
7022245,돼지고기김치찌개,끓이기,일상,돼지고기,찌개,[재료] 김치찌개 150g | 돼지고기 앞다리살 300g | 양파 100g | 대파 40g | 물 1 L [양념] 김치 국물 200g | 다진 마늘 15.0g | 새우젓 15.0g | 진간장 30.0g | 고춧가루 30.0g | 소금 15.0g | 식초 15.0g,"4인분",4,초급,"60분이내",60,https://recipe1.ezmember.co.kr/cache/recipe/2024/03/15/ffe3ce0e7e226e0ad6461cd0d10307ea1.jpg,한식,[재료] 김치찌개 1/4 포기 | 돼지고기 앞다리살 300g | 양파 1/2개 | 대파 1/2 모 | 물 1 L [양념] 김치 국물 1/2 200g | 다진 마늘 1 T | 새우젓 1 T | 진간장 2 T | 고춧가루 2 T | 소금 1 티T | 식초 1 T
7036036,오뎅탕무국,끓이기,일상,채소류,국/탕,[재료] 무 150g | 대파 15g  | 저민 마늘 30.0g (마늘 2~3개) | 오뎅 30g | 국간장 15.0g | 참치액 7.5g (생략 가능) | 미림 15.0g (생략 가능) | 물 1 L,"2인분",2,아무나,"30분이내",30,https://recipe1.ezmember.co.kr/cache/recipe/2024/10/08/be7ec6fef101cfe8125e0ab17232a5611.jpg,한식,[재료] 무 2 줌 | 대파  | 저민 마늘 2 숟갈 (마늘 2~3개) | 오뎅 3 장 | 국간장 1~2 숟갈 | 참치액 0.5 숟갈 (생략 가능) | 미림 1 숟갈 (생략 가능) | 물 1 L
7040134,떡국,볶음,일상,소고기,기타,[재료] 다진 소고기 300g [양념 재료] 다진 마늘 15.0g | 다진 양파 200g | 멸치액젓 45.0g | 소고기다시다 15.0g | 참기름 30.0g | 후추 0.5g,"4인분",4,아무나,"15분이내",15,https://recipe1.ezmember.co.kr/cache/recipe/2024/12/08/d7e4ecb012785cf5b65d9693549ceba51.jpg,한식,[주요 재료] 다진 소고기 300g [양념 재료] 다진 마늘 1T | 다진 양파 1T | 멸치액젓 3T | 소고기다시다 1T | 참기름 2T | 후추 조금
7034342,콩나물국,끓이기,해장,채소류,국/탕,[재료] 콩나물 200g | 국간장 30.0g | 대파 20g | 맛소금 15.0g | 다진마늘 15.0g | 생강가루 10g | 후춧가루 0.5g,"2인분",2,초급,"30분이내",30,https://recipe1.ezmember.co.kr/cache/recipe/2024/09/11/20b2834668e83a5676e52e7b6f3bdf911.jpg,한식,[재료] 콩나물 200g | 국간장 2 T | 대파 1 줌 | 맛소금 1 T | 다진마늘 1 T | 생강가루 적당히 | 후춧가루 적당히
7019082,김치어묵우동,끓이기,술안주,밀가루,국/탕,[재료] 우동사리 200g | 멸치육수 600ml | 신김치 100g | 사각어묵 30g | 김치국물 45.0g | 멸치액젓 15.0g | 고춧가루 15.0g | 국간장 15.0g | 다진마늘 30.0g | 대파 40g | 후추 0.5g,"2인분",2,아무나,"30분이내",30,https://recipe1.ezmember.co.kr/cache/recipe/2024/02/01/5c6fa650399927495ed252ab7a71b7571.jpg,한식,[재료] 우동사리 200g | 멸치육수 600ml | 신김치 100g | 사각어묵 3 장 | 김치국물 3T | 멸치액젓 1T | 고춧가루 1T | 국간장 1T | 다진마늘 1/2T | 대파 1/2대 | 후추 조금
7020642,시래기나물볶음,볶음,명절,채소류,밑반찬,[재료] 말린 시래기 1000g [양념] 국간장 30.0g | 진간장 15.0g | 참치액 15.0g | 물엿 30.0g | 맛술 45.0g | 들기름 75.0g | 들깨가루 60.0g | 참기름 15.0g | 참깨 15.0g | 다진마늘 30.0g | 다진대파 2대T | 멸치육수 250ml | 소금 2.5g,"6인분이상",6,초급,"30분이내",30,https://recipe1.ezmember.co.kr/cache/recipe/2024/02/23/c5602f46893e0fd7f374eef02957d7e51.jpg,한식,[재료] 말린 시래기 1kg [양념] 국간장 2T | 진간장 1T | 참치액 1T | 물엿 2T | 맛T 3T | 들기름 5T | 들깨가루 4T | 참기름 1T | 참깨 1T | 다진마늘 2T | 다진대파 2T | 멸치육수 250ml | 소금 적당량
7018368,갓김치들기름파스타,볶음,일상,밀가루,면/만두,[재료] 갓김치 200g | 훈제 통삽겹 150g (or 베이컨) | 파스타면 200g | 다진 마늘 15.0g | 대파 80g | 페페론치노 20g | 들기름 60.0g | 올리브유 30.0g [양념] 참치액젓 15.0g | 소금 0.5g | 후춧가루 0.5g | 면수 200g,"2인분",2,초급,"30분이내",30,https://recipe1.ezmember.co.kr/cache/recipe/2024/01/22/bb6c2ea2aa97cef0d888493d012679ac1.jpg,한식,[재료] 갓김치 1 200g | 훈제 통삽겹 150g (or 베이컨) | 파스타면 2 인분 | 다진 마늘 1T | 대파 1 토막 (6cm) | 페페론치노 8개 | 들기름 4T | 올리브유 2T [양념] 참치액젓 1T | 소금 약간 | 후춧가루 약간 | 면수 1/2 200g
7019251,LA갈비,굽기,영양식,소고기,메인반찬,[재료] LA갈비 1840g [믹서기에 갈 양념 재료] | 무150g | 양파 200g | 마늘 4g | 사과 60g | 생강 0.5g [양념] 간장 200g | 맛술 50g | 매실액 60g | 흑설탕 45.0g | 대파 20g,"4인분",4,중급,"2시간이상",2,https://recipe1.ezmember.co.kr/cache/recipe/2024/02/04/fe80a344d19093b73b0de598392498331.jpg,한식,[메인 재료] LA갈비 1.84kg [믹서기에 갈 양념 재료] 무  (1주먹크기) | 양파 1개 | 마늘 1 통 | 사과 4개 | 생강 조금 [양념] 간장 1 Cup | 맛T 1/4 Cup | 매실액 1/3 Cup | 흑설탕 1/4 Cup [Optional] 대파  (원하는 만큼)
